title,season,episode,colors
A Walk in the Woods,1,1,"['Alizarin Crimson', 'Bright Red', 'Cadmium Yellow', 'Phthalo Green\\r\\n', 'Prussian Blue', 'Sap Green', 'Titanium White', 'Van Dyke Brown']"
Mt. McKinley,1,2,"['Alizarin Crimson', 'Bright Red', 'Cadmium Yellow', 'Phthalo Green\\r\\n', 'Prussian Blue', 'Sap Green', 'Titanium White', 'Van Dyke Brown']"
Ebony Sunset,1,3,"['Alizarin Crimson', 'Black Gesso', 'Bright Red', 'Cadmium Yellow', 'Phthalo Green\\r\\n', 'Prussian Blue', 'Sap Green', 'Titanium White', 'Van Dyke Brown']"
Winter Mist,1,4,"['Prussian Blue', 'Titanium White', 'Van Dyke Brown']"
Quiet Stream,1,5,"['Alizarin Crimson', 'Bright Red', 'Cadmium Yellow', 'Phthalo Green\\r\\n', 'Prussian Blue', 'Sap Green', 'Titanium White', 'Van Dyke Brown']"
Winter Moon,1,6,"['Black Gesso', 'Prussian Blue', 'Titanium White', 'Van Dyke Brown']"
Autumn Mountain,1,7,"['Alizarin Crimson', 'Bright Red', 'Cadmium Yellow', 'Phthalo Green\\r\\n', 'Prussian Blue', 'Sap Green', 'Titanium White', 'Van Dyke Brown']"
Peaceful Valley,1,8,"['Alizarin Crimson', 'Bright Red', 'Cadmium Yellow', 'Phthalo Green\\r\\n', 'Prussian Blue', 'Sap Green', 'Titanium White', 'Van Dyke Brown']"
Seascape,1,9,"['Alizarin Crimson', 'Bright Red', 'Cadmium Yellow', 'Phthalo Green\\r\\n', 'Prussian Blue', 'Sap Green', 'Titanium White', 'Van Dyke Brown']"
Mountain Lake,1,10,"['Alizarin Crimson', 'Bright Red', 'Cadmium Yellow', 'Phthalo Green\\r\\n', 'Prussian Blue', 'Sap Green', 'Titanium White', 'Van Dyke Brown']"
Winter Glow,1,11,"['Alizarin Crimson', 'Bright Red', 'Cadmium Yellow', 'Phthalo Green\\r\\n', 'Prussian Blue', 'Sap Green', 'Titanium White', 'Van Dyke Brown']"
Snow Fall,1,12,"['Alizarin Crimson', 'Prussian Blue', 'Titanium White', 'Van Dyke Brown']"
Final Reflections,1,13,"['Alizarin Crimson', 'Bright Red', 'Cadmium Yellow', 'Phthalo Green\\r\\n', 'Prussian Blue', 'Sap Green', 'Titanium White', 'Van Dyke Brown']"
Meadow Lake,2,1,"['Alizarin Crimson', 'Bright Red', 'Burnt Umber', 'Cadmium Yellow', 'Indian Yellow', 'Phthalo Blue', 'Phthalo Green\\r\\n', 'Prussian Blue', 'Sap Green', 'Titanium White', 'Van Dyke Brown', 'Yellow Ochre']"
Winter Sun,2,2,"['Alizarin Crimson', 'Bright Red', 'Burnt Umber', 'Cadmium Yellow', 'Indian Yellow', 'Phthalo Blue', 'Phthalo Green\\r\\n', 'Prussian Blue', 'Sap Green', 'Titanium White', 'Van Dyke Brown', 'Yellow Ochre']"
Ebony Sea,2,3,"['Alizarin Crimson', 'Black Gesso', 'Bright Red', 'Burnt Umber', 'Cadmium Yellow', 'Indian Yellow', 'Phthalo Blue', 'Phthalo Green\\r\\n', 'Prussian Blue', 'Sap Green', 'Titanium White', 'Van Dyke Brown', 'Yellow Ochre']"
Shades of Grey,2,4,"['Prussian Blue', 'Titanium White', 'Van Dyke Brown']"
Autumn Splendor,2,5,"['Alizarin Crimson', 'Bright Red', 'Burnt Umber', 'Cadmium Yellow', 'Phthalo Blue', 'Phthalo Green\\r\\n', 'Prussian Blue', 'Sap Green', 'Titanium White', 'Van Dyke Brown', 'Yellow Ochre']"
Black River,2,6,"['Alizarin Crimson', 'Bright Red', 'Burnt Umber', 'Cadmium Yellow', 'Phthalo Blue', 'Phthalo Green\\r\\n', 'Prussian Blue', 'Sap Green', 'Titanium White', 'Van Dyke Brown', 'Yellow Ochre']"
Brown Mountain,2,7,"['Alizarin Crimson', 'Bright Red', 'Burnt Umber', 'Cadmium Yellow', 'Phthalo Blue', 'Phthalo Green\\r\\n', 'Prussian Blue', 'Sap Green', 'Titanium White', 'Van Dyke Brown', 'Yellow Ochre']"
Reflections,2,8,"['Alizarin Crimson', 'Bright Red', 'Burnt Umber', 'Cadmium Yellow', 'Indian Yellow', 'Phthalo Blue', 'Phthalo Green\\r\\n', 'Prussian Blue', 'Sap Green', 'Titanium White', 'Van Dyke Brown', 'Yellow Ochre']"
Black and White Seascape,2,9,"['Alizarin Crimson', 'Black Gesso', 'Bright Red', 'Cadmium Yellow', 'Indian Yellow', 'Phthalo Blue', 'Phthalo Green\\r\\n', 'Prussian Blue', 'Sap Green', 'Titanium White', 'Van Dyke Brown', 'Yellow Ochre']"
Lazy River,2,10,"['Alizarin Crimson', 'Bright Red', 'Burnt Umber', 'Cadmium Yellow', 'Indian Yellow', 'Phthalo Blue', 'Phthalo Green\\r\\n', 'Prussian Blue', 'Sap Green', 'Titanium White', 'Van Dyke Brown', 'Yellow Ochre']"
Black Waterfall,2,11,"['Alizarin Crimson', 'Black Gesso', 'Burnt Umber', 'Cadmium Yellow', 'Indian Yellow', 'Phthalo Blue', 'Phthalo Green\\r\\n', 'Prussian Blue', 'Sap Green', 'Titanium White', 'Van Dyke Brown', 'Yellow Ochre']"
Mountain Waterfall,2,12,"['Alizarin Crimson', 'Bright Red', 'Burnt Umber', 'Cadmium Yellow', 'Indian Yellow', 'Phthalo Blue', 'Phthalo Green\\r\\n', 'Prussian Blue', 'Sap Green', 'Titanium White', 'Van Dyke Brown', 'Yellow Ochre']"
Final Grace,2,13,"['Alizarin Crimson', 'Bright Red', 'Burnt Umber', 'Cadmium Yellow', 'Indian Yellow', 'Phthalo Blue', 'Phthalo Green\\r\\n', 'Prussian Blue', 'Sap Green', 'Titanium White', 'Van Dyke Brown', 'Yellow Ochre']"
Mountain Retreat,3,1,"['Alizarin Crimson', 'Bright Red', 'Burnt Umber', 'Cadmium Yellow', 'Indian Yellow', 'Phthalo Blue', 'Phthalo Green\\r\\n', 'Prussian Blue', 'Sap Green', 'Titanium White', 'Van Dyke Brown', 'Yellow Ochre']"
Blue Moon,3,2,"['Alizarin Crimson', 'Bright Red', 'Burnt Umber', 'Cadmium Yellow', 'Indian Yellow', 'Phthalo Blue', 'Phthalo Green\\r\\n', 'Prussian Blue', 'Sap Green', 'Titanium White', 'Van Dyke Brown', 'Yellow Ochre']"
Bubbling Stream,3,3,"['Alizarin Crimson', 'Bright Red', 'Burnt Umber', 'Cadmium Yellow', 'Indian Yellow', 'Phthalo Blue', 'Phthalo Green\\r\\n', 'Prussian Blue', 'Sap Green', 'Titanium White', 'Van Dyke Brown', 'Yellow Ochre']"
Winter Night,3,4,"['Alizarin Crimson', 'Bright Red', 'Cadmium Yellow', 'Liquid Black', 'Phthalo Green\\r\\n', 'Titanium White', 'Van Dyke Brown']"
Distant Hills,3,5,"['Alizarin Crimson', 'Burnt Umber', 'Cadmium Yellow', 'Sap Green', 'Titanium White', 'Van Dyke Brown', 'Yellow Ochre']"
Covered Bridge,3,6,"['Alizarin Crimson', 'Bright Red', 'Burnt Umber', 'Cadmium Yellow', 'Midnight Black\\r\\n\\r\\n', 'Prussian Blue', 'Sap Green', 'Titanium White', 'Van Dyke Brown', 'Yellow Ochre']"
Quiet Inlet,3,7,"['Alizarin Crimson', 'Burnt Umber', 'Cadmium Yellow', 'Phthalo Blue', 'Phthalo Green\\r\\n', 'Prussian Blue', 'Sap Green', 'Titanium White', 'Van Dyke Brown', 'Yellow Ochre']"
Night Light,3,8,"['Alizarin Crimson', 'Black Gesso', 'Burnt Umber', 'Cadmium Yellow', 'Phthalo Green\\r\\n', 'Sap Green', 'Titanium White', 'Van Dyke Brown', 'Yellow Ochre']"
The Old Mill,3,9,"['Alizarin Crimson', 'Bright Red', 'Burnt Umber', 'Cadmium Yellow', 'Phthalo Blue', 'Prussian Blue', 'Sap Green', 'Titanium White', 'Van Dyke Brown', 'Yellow Ochre']"
Campfire,3,10,"['Alizarin Crimson', 'Black Gesso', 'Bright Red', 'Burnt Umber', 'Cadmium Yellow', 'Indian Yellow', 'Van Dyke Brown', 'Yellow Ochre']"
Rustic Barn,3,11,"['Alizarin Crimson', 'Bright Red', 'Burnt Umber', 'Cadmium Yellow', 'Indian Yellow', 'Phthalo Blue', 'Phthalo Green\\r\\n', 'Prussian Blue', 'Sap Green', 'Titanium White', 'Van Dyke Brown', 'Yellow Ochre']"
Hidden Lake,3,12,"['Alizarin Crimson', 'Bright Red', 'Burnt Umber', 'Cadmium Yellow', 'Phthalo Blue', 'Prussian Blue', 'Sap Green', 'Titanium White', 'Van Dyke Brown', 'Yellow Ochre']"
Peaceful Waters,3,13,"['Alizarin Crimson', 'Cadmium Yellow', 'Phthalo Blue', 'Phthalo Green\\r\\n', 'Prussian Blue', 'Sap Green', 'Titanium White', 'Van Dyke Brown', 'Yellow Ochre']"
Purple Splendor,4,1,"['Alizarin Crimson', 'Phthalo Blue', 'Titanium White', 'Van Dyke Brown']"
Tranquil Valley,4,2,"['Alizarin Crimson', 'Bright Red', 'Burnt Umber', 'Cadmium Yellow', 'Indian Yellow', 'Phthalo Blue', 'Sap Green', 'Titanium White', 'Van Dyke Brown', 'Yellow Ochre']"
Majestic Mountains,4,3,"['Alizarin Crimson', 'Bright Red', 'Burnt Umber', 'Cadmium Yellow', 'Indian Yellow', 'Phthalo Blue', 'Phthalo Green\\r\\n', 'Prussian Blue', 'Sap Green', 'Titanium White', 'Van Dyke Brown', 'Yellow Ochre']"
Winter Sawscape,4,4,"['Black Gesso', 'Bright Red', 'Burnt Umber', 'Cadmium Yellow', 'Midnight Black\\r\\n\\r\\n', 'Prussian Blue', 'Titanium White']"
Evening Seascape,4,5,"['Alizarin Crimson', 'Black Gesso', 'Bright Red', 'Burnt Umber', 'Cadmium Yellow', 'Phthalo Blue', 'Phthalo Green\\r\\n', 'Prussian Blue', 'Titanium White', 'Van Dyke Brown']"
Warm Summer Day,4,6,"['Alizarin Crimson', 'Bright Red', 'Burnt Umber', 'Cadmium Yellow', 'Indian Yellow', 'Phthalo Blue', 'Prussian Blue', 'Sap Green', 'Titanium White', 'Van Dyke Brown', 'Yellow Ochre']"
Cabin in the Woods,4,7,"['Alizarin Crimson', 'Bright Red', 'Burnt Umber', 'Cadmium Yellow', 'Indian Yellow', 'Phthalo Blue', 'Phthalo Green\\r\\n', 'Sap Green', 'Titanium White', 'Van Dyke Brown', 'Yellow Ochre']"
Wetlands,4,8,"['Alizarin Crimson', 'Bright Red', 'Burnt Umber', 'Cadmium Yellow', 'Indian Yellow', 'Prussian Blue', 'Sap Green', 'Titanium White', 'Van Dyke Brown', 'Yellow Ochre']"
Cool Waters,4,9,"['Alizarin Crimson', 'Bright Red', 'Burnt Umber', 'Cadmium Yellow', 'Indian Yellow', 'Phthalo Blue', 'Phthalo Green\\r\\n', 'Prussian Blue', 'Sap Green', 'Titanium White', 'Van Dyke Brown', 'Yellow Ochre']"
Quiet Woods,4,10,"['Alizarin Crimson', 'Bright Red', 'Burnt Umber', 'Cadmium Yellow', 'Indian Yellow', 'Phthalo Blue', 'Phthalo Green\\r\\n', 'Sap Green', 'Titanium White', 'Van Dyke Brown', 'Yellow Ochre']"
Northwest Majesty,4,11,"['Alizarin Crimson', 'Bright Red', 'Burnt Umber', 'Cadmium Yellow', 'Indian Yellow', 'Liquid Black', 'Prussian Blue', 'Sap Green', 'Titanium White', 'Van Dyke Brown']"
Autumn Days,4,12,"['Alizarin Crimson', 'Bright Red', 'Burnt Umber', 'Cadmium Yellow', 'Indian Yellow', 'Phthalo Blue', 'Phthalo Green\\r\\n', 'Prussian Blue', 'Sap Green', 'Titanium White', 'Van Dyke Brown', 'Yellow Ochre']"
Mountain Challenge,4,13,"['Alizarin Crimson', 'Cadmium Yellow', 'Indian Yellow', 'Phthalo Blue', 'Phthalo Green\\r\\n', 'Prussian Blue', 'Sap Green', 'Titanium White', 'Van Dyke Brown', 'Yellow Ochre']"
Mountain Waterfall,5,1,"['Alizarin Crimson', 'Bright Red', 'Burnt Umber', 'Cadmium Yellow', 'Indian Yellow', 'Phthalo Blue', 'Phthalo Green\\r\\n', 'Sap Green', 'Titanium White', 'Van Dyke Brown', 'Yellow Ochre']"
Twilight Meadow,5,2,"['Alizarin Crimson', 'Black Gesso', 'Bright Red', 'Burnt Umber', 'Cadmium Yellow', 'Indian Yellow', 'Phthalo Blue', 'Phthalo Green\\r\\n', 'Sap Green', 'Titanium White', 'Van Dyke Brown', 'Yellow Ochre']"
Mountain Blossoms,5,3,"['Alizarin Crimson', 'Liquid Black', 'Phthalo Blue', 'Phthalo Green\\r\\n', 'Titanium White']"
Winter Stillness,5,4,"['Alizarin Crimson', 'Burnt Umber', 'Indian Yellow', 'Phthalo Blue', 'Sap Green', 'Titanium White', 'Van Dyke Brown']"
Quiet Pond,5,5,"['Alizarin Crimson', 'Bright Red', 'Burnt Umber', 'Cadmium Yellow', 'Indian Yellow', 'Phthalo Blue', 'Sap Green', 'Titanium White', 'Van Dyke Brown', 'Yellow Ochre']"
Ocean Sunrise,5,6,"['Alizarin Crimson', 'Indian Yellow', 'Liquid Black', 'Prussian Blue', 'Titanium White', 'Van Dyke Brown']"
Bubbling Brook,5,7,"['Alizarin Crimson', 'Bright Red', 'Burnt Umber', 'Cadmium Yellow', 'Indian Yellow', 'Phthalo Blue', 'Sap Green', 'Titanium White', 'Van Dyke Brown', 'Yellow Ochre']"
Arizona Splendor,5,8,"['Alizarin Crimson', 'Burnt Umber', 'Cadmium Yellow', 'Indian Yellow', 'Phthalo Blue', 'Sap Green', 'Titanium White', 'Van Dyke Brown', 'Yellow Ochre']"
Anatomy of a Wave,5,9,"['Alizarin Crimson', 'Cadmium Yellow', 'Liquid Clear', 'Phthalo Blue', 'Phthalo Green\\r\\n', 'Titanium White']"
The Windmill,5,10,"['Alizarin Crimson', 'Black Gesso', 'Bright Red', 'Burnt Umber', 'Phthalo Blue', 'Phthalo Green\\r\\n', 'Prussian Blue', 'Sap Green', 'Titanium White', 'Van Dyke Brown', 'Yellow Ochre']"
Autumn Glory,5,11,"['Alizarin Crimson', 'Burnt Umber', 'Cadmium Yellow', 'Indian Yellow', 'Prussian Blue', 'Sap Green', 'Titanium White', 'Van Dyke Brown']"
Indian Girl,5,12,"['Bright Red', 'Burnt Umber', 'Indian Yellow', 'Prussian Blue', 'Titanium White']"
Meadow Stream,5,13,"['Alizarin Crimson', 'Bright Red', 'Burnt Umber', 'Cadmium Yellow', 'Indian Yellow', 'Phthalo Blue', 'Phthalo Green\\r\\n', 'Sap Green', 'Titanium White', 'Van Dyke Brown', 'Yellow Ochre']"
Blue River,6,1,"['Alizarin Crimson', 'Black Gesso', 'Bright Red', 'Burnt Umber', 'Cadmium Yellow', 'Indian Yellow', 'Phthalo Blue', 'Prussian Blue', 'Sap Green', 'Titanium White', 'Van Dyke Brown', 'Yellow Ochre']"
Nature's Edge,6,2,"['Alizarin Crimson', 'Bright Red', 'Burnt Umber', 'Cadmium Yellow', 'Indian Yellow', 'Phthalo Blue', 'Prussian Blue', 'Sap Green', 'Titanium White', 'Van Dyke Brown', 'Yellow Ochre']"
Morning Mist,6,3,"['Alizarin Crimson', 'Bright Red', 'Burnt Umber', 'Cadmium Yellow', 'Indian Yellow', 'Phthalo Blue', 'Sap Green', 'Titanium White', 'Van Dyke Brown', 'Yellow Ochre']"
Whispering Stream,6,4,"['Alizarin Crimson', 'Bright Red', 'Burnt Umber', 'Cadmium Yellow', 'Indian Yellow', 'Phthalo Blue', 'Prussian Blue', 'Sap Green', 'Titanium White', 'Van Dyke Brown', 'Yellow Ochre']"
Secluded Forest,6,5,"['Alizarin Crimson', 'Black Gesso', 'Bright Red', 'Burnt Umber', 'Cadmium Yellow', 'Indian Yellow', 'Phthalo Blue', 'Phthalo Green\\r\\n', 'Sap Green', 'Titanium White', 'Van Dyke Brown', 'Yellow Ochre']"
Snow Trail,6,6,"['Alizarin Crimson', 'Burnt Umber', 'Cadmium Yellow', 'Phthalo Blue', 'Phthalo Green\\r\\n', 'Titanium White', 'Van Dyke Brown', 'Yellow Ochre']"
Arctic Beauty,6,7,"['Alizarin Crimson', 'Bright Red', 'Burnt Umber', 'Cadmium Yellow', 'Indian Yellow', 'Phthalo Blue', 'Phthalo Green\\r\\n', 'Sap Green', 'Titanium White', 'Van Dyke Brown', 'Yellow Ochre']"
Horizons West,6,8,"['Alizarin Crimson', 'Bright Red', 'Cadmium Yellow', 'Indian Yellow', 'Prussian Blue', 'Titanium White', 'Van Dyke Brown']"
High Chateau,6,9,"['Alizarin Crimson', 'Bright Red', 'Burnt Umber', 'Cadmium Yellow', 'Indian Yellow', 'Phthalo Blue', 'Phthalo Green\\r\\n', 'Sap Green', 'Titanium White', 'Van Dyke Brown', 'Yellow Ochre']"
Country Life,6,10,"['Alizarin Crimson', 'Bright Red', 'Burnt Umber', 'Cadmium Yellow', 'Indian Yellow', 'Prussian Blue', 'Sap Green', 'Titanium White', 'Van Dyke Brown', 'Yellow Ochre']"
Western Expanse,6,11,"['Alizarin Crimson', 'Bright Red', 'Burnt Umber', 'Cadmium Yellow', 'Indian Yellow', 'Phthalo Blue', 'Phthalo Green\\r\\n', 'Sap Green', 'Titanium White', 'Van Dyke Brown', 'Yellow Ochre']"
Marshlands,6,12,"['Alizarin Crimson', 'Black Gesso', 'Bright Red', 'Burnt Umber', 'Cadmium Yellow', 'Indian Yellow', 'Phthalo Blue', 'Sap Green', 'Titanium White', 'Van Dyke Brown', 'Yellow Ochre']"
Blaze of Color,6,13,"['Alizarin Crimson', 'Bright Red', 'Burnt Umber', 'Cadmium Yellow', 'Indian Yellow', 'Phthalo Blue', 'Phthalo Green\\r\\n', 'Sap Green', 'Titanium White', 'Van Dyke Brown', 'Yellow Ochre']"
Winter Cabin,7,1,"['Bright Red', 'Dark Sienna', 'Prussian Blue', 'Titanium White', 'Van Dyke Brown', 'Yellow Ochre']"
Secluded Lake,7,2,"['Alizarin Crimson', 'Bright Red', 'Cadmium Yellow', 'Dark Sienna', 'Indian Yellow', 'Midnight Black\\r\\n\\r\\n', 'Phthalo Blue', 'Phthalo Green\\r\\n', 'Sap Green', 'Titanium White', 'Van Dyke Brown', 'Yellow Ochre']"
Evergreens at Sunset,7,3,"['Alizarin Crimson', 'Bright Red', 'Cadmium Yellow', 'Indian Yellow', 'Midnight Black\\r\\n\\r\\n', 'Sap Green', 'Titanium White']"
Mountain Cabin,7,4,"['Alizarin Crimson', 'Bright Red', 'Cadmium Yellow', 'Dark Sienna', 'Indian Yellow', 'Midnight Black\\r\\n\\r\\n', 'Phthalo Blue', 'Phthalo Green\\r\\n', 'Sap Green', 'Titanium White', 'Van Dyke Brown', 'Yellow Ochre']"
Portrait of Sally,7,5,"['Alizarin Crimson', 'Bright Red', 'Cadmium Yellow', 'Dark Sienna', 'Indian Yellow', 'Phthalo Blue', 'Titanium White', 'Yellow Ochre']"
Misty Waterfall,7,6,"['Alizarin Crimson', 'Bright Red', 'Dark Sienna', 'Indian Yellow', 'Midnight Black\\r\\n\\r\\n', 'Phthalo Blue', 'Phthalo Green\\r\\n', 'Sap Green', 'Titanium White', 'Van Dyke Brown', 'Yellow Ochre']"
Barn at Sunset,7,7,"['Alizarin Crimson', 'Bright Red', 'Cadmium Yellow', 'Dark Sienna', 'Indian Yellow', 'Midnight Black\\r\\n\\r\\n', 'Phthalo Blue', 'Titanium White', 'Van Dyke Brown', 'Yellow Ochre']"
Mountain Splendor,7,8,"['Alizarin Crimson', 'Bright Red', 'Cadmium Yellow', 'Dark Sienna', 'Indian Yellow', 'Midnight Black\\r\\n\\r\\n', 'Prussian Blue', 'Sap Green', 'Titanium White', 'Van Dyke Brown', 'Yellow Ochre']"
Lake by Mountain,7,9,"['Alizarin Crimson', 'Bright Red', 'Cadmium Yellow', 'Indian Yellow', 'Phthalo Blue', 'Phthalo Green\\r\\n', 'Prussian Blue', 'Sap Green', 'Titanium White', 'Van Dyke Brown', 'Yellow Ochre']"
Mountain Glory,7,10,"['Bright Red', 'Cadmium Yellow', 'Dark Sienna', 'Indian Yellow', 'Midnight Black\\r\\n\\r\\n', 'Phthalo Blue', 'Prussian Blue', 'Sap Green', 'Titanium White', 'Van Dyke Brown', 'Yellow Ochre']"
Grey Winter,7,11,"['Alizarin Crimson', 'Midnight Black\\r\\n\\r\\n', 'Titanium White']"
Dock Scene,7,12,"['Bright Red', 'Cadmium Yellow', 'Dark Sienna', 'Midnight Black\\r\\n\\r\\n', 'Phthalo Blue', 'Sap Green', 'Titanium White', 'Van Dyke Brown', 'Yellow Ochre']"
Dark Waterfall,7,13,"['Alizarin Crimson', 'Bright Red', 'Cadmium Yellow', 'Dark Sienna', 'Indian Yellow', 'Liquid Black', 'Phthalo Blue', 'Sap Green', 'Titanium White', 'Van Dyke Brown', 'Yellow Ochre']"
Misty Rolling Hills,8,1,"['Alizarin Crimson', 'Bright Red', 'Cadmium Yellow', 'Indian Yellow', 'Midnight Black\\r\\n\\r\\n', 'Phthalo Blue', 'Sap Green', 'Titanium White', 'Van Dyke Brown', 'Yellow Ochre']"
Lakeside Cabin,8,2,"['Alizarin Crimson', 'Bright Red', 'Cadmium Yellow', 'Dark Sienna', 'Indian Yellow', 'Midnight Black\\r\\n\\r\\n', 'Phthalo Blue', 'Phthalo Green\\r\\n', 'Sap Green', 'Titanium White', 'Van Dyke Brown', 'Yellow Ochre']"
Warm Winter Day,8,3,"['Alizarin Crimson', 'Bright Red', 'Cadmium Yellow', 'Dark Sienna', 'Indian Yellow', 'Midnight Black\\r\\n\\r\\n', 'Phthalo Blue', 'Titanium White', 'Van Dyke Brown', 'Yellow Ochre']"
Waterside Way,8,4,"['Alizarin Crimson', 'Bright Red', 'Cadmium Yellow', 'Dark Sienna', 'Indian Yellow', 'Midnight Black\\r\\n\\r\\n', 'Phthalo Blue', 'Sap Green', 'Titanium White', 'Van Dyke Brown', 'Yellow Ochre']"
Hunter's Haven,8,5,"['Alizarin Crimson', 'Bright Red', 'Cadmium Yellow', 'Dark Sienna', 'Indian Yellow', 'Midnight Black\\r\\n\\r\\n', 'Prussian Blue', 'Sap Green', 'Titanium White', 'Van Dyke Brown', 'Yellow Ochre']"
Bubbling Mountain Brook,8,6,"['Alizarin Crimson', 'Bright Red', 'Cadmium Yellow', 'Dark Sienna', 'Indian Yellow', 'Midnight Black\\r\\n\\r\\n', 'Phthalo Blue', 'Sap Green', 'Titanium White', 'Van Dyke Brown', 'Yellow Ochre']"
Winter Hideaway,8,7,"['Alizarin Crimson', 'Bright Red', 'Cadmium Yellow', 'Dark Sienna', 'Indian Yellow', 'Midnight Black\\r\\n\\r\\n', 'Phthalo Blue', 'Titanium White', 'Van Dyke Brown', 'Yellow Ochre']"
Foot of the Mountain,8,8,"['Alizarin Crimson', 'Bright Red', 'Cadmium Yellow', 'Dark Sienna', 'Indian Yellow', 'Midnight Black\\r\\n\\r\\n', 'Phthalo Blue', 'Phthalo Green\\r\\n', 'Prussian Blue', 'Sap Green', 'Titanium White', 'Van Dyke Brown', 'Yellow Ochre']"
Majestic Pine,8,9,"['Alizarin Crimson', 'Bright Red', 'Cadmium Yellow', 'Dark Sienna', 'Indian Yellow', 'Midnight Black\\r\\n\\r\\n', 'Phthalo Blue', 'Sap Green', 'Titanium White', 'Van Dyke Brown', 'Yellow Ochre']"
Cactus at Sunset,8,10,"['Alizarin Crimson', 'Black Gesso', 'Bright Red', 'Cadmium Yellow', 'Dark Sienna', 'Indian Yellow', 'Midnight Black\\r\\n\\r\\n', 'Titanium White', 'Van Dyke Brown', 'Yellow Ochre']"
Mountain Range,8,11,"['Alizarin Crimson', 'Bright Red', 'Cadmium Yellow', 'Indian Yellow', 'Phthalo Blue', 'Prussian Blue', 'Sap Green', 'Titanium White', 'Van Dyke Brown', 'Yellow Ochre']"
Lonely Retreat,8,12,"['Alizarin Crimson', 'Bright Red', 'Cadmium Yellow', 'Dark Sienna', 'Indian Yellow', 'Midnight Black\\r\\n\\r\\n', 'Phthalo Blue', 'Titanium White', 'Van Dyke Brown', 'Yellow Ochre']"
Northern Lights,8,13,"['Alizarin Crimson', 'Black Gesso', 'Bright Red', 'Dark Sienna', 'Midnight Black\\r\\n\\r\\n', 'Phthalo Blue', 'Phthalo Green\\r\\n', 'Titanium White', 'Van Dyke Brown']"
Winter Evergreens,9,1,"['Alizarin Crimson', 'Bright Red', 'Dark Sienna', 'Midnight Black\\r\\n\\r\\n', 'Phthalo Blue', 'Prussian Blue', 'Titanium White', 'Van Dyke Brown', 'Yellow Ochre']"
Surf's Up,9,2,"['Alizarin Crimson', 'Bright Red', 'Cadmium Yellow', 'Dark Sienna', 'Liquid Clear', 'Midnight Black\\r\\n\\r\\n', 'Phthalo Blue', 'Prussian Blue', 'Titanium White', 'Van Dyke Brown', 'Yellow Ochre']"
Red Sunset,9,3,"['Alizarin Crimson', 'Black Gesso', 'Bright Red', 'Cadmium Yellow', 'Dark Sienna', 'Indian Yellow', 'Midnight Black\\r\\n\\r\\n', 'Phthalo Blue', 'Titanium White', 'Van Dyke Brown', 'Yellow Ochre']"
Meadow Road,9,4,"['Alizarin Crimson', 'Bright Red', 'Cadmium Yellow', 'Dark Sienna', 'Indian Yellow', 'Midnight Black\\r\\n\\r\\n', 'Phthalo Blue', 'Sap Green', 'Titanium White', 'Van Dyke Brown', 'Yellow Ochre']"
Winter Oval,9,5,"['Alizarin Crimson', 'Bright Red', 'Dark Sienna', 'Midnight Black\\r\\n\\r\\n', 'Phthalo Blue', 'Titanium White', 'Van Dyke Brown']"
Secluded Beach,9,6,"['Alizarin Crimson', 'Black Gesso', 'Bright Red', 'Cadmium Yellow', 'Dark Sienna', 'Midnight Black\\r\\n\\r\\n', 'Phthalo Blue', 'Prussian Blue', 'Titanium White', 'Van Dyke Brown', 'Yellow Ochre']"
Forest Hills,9,7,"['Alizarin Crimson', 'Bright Red', 'Cadmium Yellow', 'Dark Sienna', 'Indian Yellow', 'Midnight Black\\r\\n\\r\\n', 'Phthalo Blue', 'Sap Green', 'Titanium White', 'Van Dyke Brown', 'Yellow Ochre']"
Little House by the Road,9,8,"['Alizarin Crimson', 'Bright Red', 'Cadmium Yellow', 'Dark Sienna', 'Indian Yellow', 'Midnight Black\\r\\n\\r\\n', 'Phthalo Blue', 'Sap Green', 'Titanium White', 'Van Dyke Brown', 'Yellow Ochre']"
Mountain Path,9,9,"['Alizarin Crimson', 'Bright Red', 'Cadmium Yellow', 'Dark Sienna', 'Indian Yellow', 'Midnight Black\\r\\n\\r\\n', 'Phthalo Blue', 'Sap Green', 'Titanium White', 'Van Dyke Brown', 'Yellow Ochre']"
Country Charm,9,10,"['Alizarin Crimson', 'Bright Red', 'Cadmium Yellow', 'Dark Sienna', 'Indian Yellow', 'Midnight Black\\r\\n\\r\\n', 'Phthalo Blue', 'Sap Green', 'Titanium White', 'Van Dyke Brown', 'Yellow Ochre']"
Nature's Paradise,9,11,"['Alizarin Crimson', 'Bright Red', 'Cadmium Yellow', 'Dark Sienna', 'Indian Yellow', 'Midnight Black\\r\\n\\r\\n', 'Phthalo Blue', 'Sap Green', 'Titanium White', 'Van Dyke Brown', 'Yellow Ochre']"
Mountain by the Sea,9,12,"['Alizarin Crimson', 'Bright Red', 'Cadmium Yellow', 'Dark Sienna', 'Liquid Clear', 'Midnight Black\\r\\n\\r\\n', 'Phthalo Blue', 'Phthalo Green\\r\\n', 'Prussian Blue', 'Sap Green', 'Titanium White', 'Van Dyke Brown', 'Yellow Ochre']"
Mountain Hideaway,9,13,"['Alizarin Crimson', 'Black Gesso', 'Bright Red', 'Cadmium Yellow', 'Dark Sienna', 'Indian Yellow', 'Midnight Black\\r\\n\\r\\n', 'Phthalo Blue', 'Sap Green', 'Titanium White', 'Van Dyke Brown', 'Yellow Ochre']"
Towering Peaks,10,1,"['Alizarin Crimson', 'Bright Red', 'Cadmium Yellow', 'Dark Sienna', 'Indian Yellow', 'Midnight Black\\r\\n\\r\\n', 'Phthalo Blue', 'Phthalo Green\\r\\n', 'Prussian Blue', 'Sap Green', 'Titanium White', 'Van Dyke Brown', 'Yellow Ochre']"
Cabin at Sunset,10,2,"['Alizarin Crimson', 'Bright Red', 'Cadmium Yellow', 'Dark Sienna', 'Indian Yellow', 'Midnight Black\\r\\n\\r\\n', 'Phthalo Blue', 'Prussian Blue', 'Sap Green', 'Titanium White', 'Van Dyke Brown', 'Yellow Ochre']"
Twin Falls,10,3,"['Alizarin Crimson', 'Bright Red', 'Cadmium Yellow', 'Dark Sienna', 'Indian Yellow', 'Midnight Black\\r\\n\\r\\n', 'Phthalo Blue', 'Prussian Blue', 'Sap Green', 'Titanium White', 'Van Dyke Brown', 'Yellow Ochre']"
Secluded Bridge,10,4,"['Alizarin Crimson', 'Bright Red', 'Cadmium Yellow', 'Dark Sienna', 'Indian Yellow', 'Midnight Black\\r\\n\\r\\n', 'Phthalo Blue', 'Prussian Blue', 'Sap Green', 'Titanium White', 'Van Dyke Brown', 'Yellow Ochre']"
Ocean Breeze,10,5,"['Alizarin Crimson', 'Black Gesso', 'Bright Red', 'Cadmium Yellow', 'Dark Sienna', 'Midnight Black\\r\\n\\r\\n', 'Phthalo Blue', 'Phthalo Green\\r\\n', 'Prussian Blue', 'Titanium White', 'Van Dyke Brown', 'Yellow Ochre']"
Autumn Woods,10,6,"['Alizarin Crimson', 'Bright Red', 'Cadmium Yellow', 'Dark Sienna', 'Indian Yellow', 'Midnight Black\\r\\n\\r\\n', 'Phthalo Blue', 'Prussian Blue', 'Sap Green', 'Titanium White', 'Van Dyke Brown', 'Yellow Ochre']"
Winter Solitude,10,7,"['Alizarin Crimson', 'Bright Red', 'Dark Sienna', 'Midnight Black\\r\\n\\r\\n', 'Phthalo Blue', 'Titanium White', 'Van Dyke Brown']"
Golden Sunset,10,8,"['Alizarin Crimson', 'Black Gesso', 'Bright Red', 'Cadmium Yellow', 'Dark Sienna', 'Indian Yellow', 'Midnight Black\\r\\n\\r\\n', 'Phthalo Blue', 'Sap Green', 'Titanium White', 'Van Dyke Brown', 'Yellow Ochre']"
Mountain Oval,10,9,"['Bright Red', 'Cadmium Yellow', 'Dark Sienna', 'Indian Yellow', 'Midnight Black\\r\\n\\r\\n', 'Phthalo Blue', 'Prussian Blue', 'Sap Green', 'Titanium White', 'Van Dyke Brown', 'Yellow Ochre']"
Ocean Sunset,10,10,"['Alizarin Crimson', 'Bright Red', 'Cadmium Yellow', 'Dark Sienna', 'Indian Yellow', 'Liquid Clear', 'Midnight Black\\r\\n\\r\\n', 'Phthalo Blue', 'Prussian Blue', 'Titanium White', 'Van Dyke Brown', 'Yellow Ochre']"
Triple View,10,11,"['Alizarin Crimson', 'Bright Red', 'Cadmium Yellow', 'Dark Sienna', 'Indian Yellow', 'Midnight Black\\r\\n\\r\\n', 'Phthalo Blue', 'Prussian Blue', 'Sap Green', 'Titanium White', 'Van Dyke Brown', 'Yellow Ochre']"
Winter Frost,10,12,"['Alizarin Crimson', 'Bright Red', 'Cadmium Yellow', 'Dark Sienna', 'Midnight Black\\r\\n\\r\\n', 'Phthalo Blue', 'Prussian Blue', 'Titanium White', 'Van Dyke Brown']"
Lakeside Cabin,10,13,"['Alizarin Crimson', 'Bright Red', 'Cadmium Yellow', 'Dark Sienna', 'Indian Yellow', 'Midnight Black\\r\\n\\r\\n', 'Phthalo Blue', 'Prussian Blue', 'Sap Green', 'Titanium White', 'Van Dyke Brown', 'Yellow Ochre']"
Mountain Stream,11,1,"['Alizarin Crimson', 'Bright Red', 'Cadmium Yellow', 'Dark Sienna', 'Indian Yellow', 'Midnight Black\\r\\n\\r\\n', 'Phthalo Blue', 'Prussian Blue', 'Sap Green', 'Titanium White', 'Van Dyke Brown', 'Yellow Ochre']"
Country Cabin,11,2,"['Alizarin Crimson', 'Bright Red', 'Dark Sienna', 'Midnight Black\\r\\n\\r\\n', 'Prussian Blue', 'Titanium White', 'Van Dyke Brown']"
Daisy Delight,11,3,"['Alizarin Crimson', 'Cadmium Yellow', 'Dark Sienna', 'Liquid Clear', 'Midnight Black\\r\\n\\r\\n', 'Phthalo Blue', 'Sap Green', 'Titanium White', 'Van Dyke Brown', 'Yellow Ochre']"
Hidden Stream,11,4,"['Alizarin Crimson', 'Bright Red', 'Cadmium Yellow', 'Dark Sienna', 'Indian Yellow', 'Midnight Black\\r\\n\\r\\n', 'Phthalo Blue', 'Prussian Blue', 'Sap Green', 'Titanium White', 'Van Dyke Brown', 'Yellow Ochre']"
Towering Glacier,11,5,"['Alizarin Crimson', 'Black Gesso', 'Bright Red', 'Cadmium Yellow', 'Dark Sienna', 'Indian Yellow', 'Midnight Black\\r\\n\\r\\n', 'Prussian Blue', 'Sap Green', 'Titanium White', 'Van Dyke Brown', 'Yellow Ochre']"
Oval Barn,11,6,"['Bright Red', 'Dark Sienna', 'Midnight Black\\r\\n\\r\\n', 'Prussian Blue', 'Titanium White', 'Van Dyke Brown']"
Lakeside Path,11,7,"['Alizarin Crimson', 'Bright Red', 'Cadmium Yellow', 'Dark Sienna', 'Indian Yellow', 'Midnight Black\\r\\n\\r\\n', 'Phthalo Blue', 'Prussian Blue', 'Sap Green', 'Titanium White', 'Van Dyke Brown', 'Yellow Ochre']"
Sunset Oval,11,8,"['Alizarin Crimson', 'Bright Red', 'Cadmium Yellow', 'Dark Sienna', 'Indian Yellow', 'Midnight Black\\r\\n\\r\\n', 'Phthalo Blue', 'Sap Green', 'Titanium White', 'Van Dyke Brown', 'Yellow Ochre']"
Winter Barn,11,9,"['Alizarin Crimson', 'Dark Sienna', 'Midnight Black\\r\\n\\r\\n', 'Phthalo Blue', 'Titanium White', 'Van Dyke Brown']"
Sunset over the Waves,11,10,"['Alizarin Crimson', 'Black Gesso', 'Bright Red', 'Cadmium Yellow', 'Dark Sienna', 'Indian Yellow', 'Midnight Black\\r\\n\\r\\n', 'Phthalo Blue', 'Titanium White', 'Van Dyke Brown']"
Golden Glow,11,11,"['Cadmium Yellow', 'Dark Sienna', 'Indian Yellow', 'Liquid Clear', 'Prussian Blue', 'Titanium White', 'Van Dyke Brown', 'Yellow Ochre']"
Roadside Barn,11,12,"['Alizarin Crimson', 'Bright Red', 'Cadmium Yellow', 'Dark Sienna', 'Indian Yellow', 'Midnight Black\\r\\n\\r\\n', 'Prussian Blue', 'Sap Green', 'Titanium White', 'Van Dyke Brown', 'Yellow Ochre']"
Happy Accident,11,13,"['Alizarin Crimson', 'Bright Red', 'Cadmium Yellow', 'Dark Sienna', 'Indian Yellow', 'Midnight Black\\r\\n\\r\\n', 'Prussian Blue', 'Sap Green', 'Titanium White', 'Van Dyke Brown', 'Yellow Ochre']"
Golden Knoll,12,1,"['Cadmium Yellow', 'Dark Sienna', 'Indian Yellow', 'Midnight Black\\r\\n\\r\\n', 'Titanium White', 'Van Dyke Brown', 'Yellow Ochre']"
Mountain Reflections,12,2,"['Alizarin Crimson', 'Bright Red', 'Cadmium Yellow', 'Dark Sienna', 'Indian Yellow', 'Midnight Black\\r\\n\\r\\n', 'Phthalo Blue', 'Prussian Blue', 'Sap Green', 'Titanium White', 'Van Dyke Brown', 'Yellow Ochre']"
Secluded Mountain,12,3,"['Alizarin Crimson', 'Bright Red', 'Cadmium Yellow', 'Dark Sienna', 'Indian Yellow', 'Midnight Black\\r\\n\\r\\n', 'Phthalo Blue', 'Phthalo Green\\r\\n', 'Prussian Blue', 'Sap Green', 'Titanium White', 'Van Dyke Brown', 'Yellow Ochre']"
Bright Autumn Trees,12,4,"['Alizarin Crimson', 'Bright Red', 'Cadmium Yellow', 'Dark Sienna', 'Indian Yellow', 'Liquid Black', 'Midnight Black\\r\\n\\r\\n', 'Phthalo Green\\r\\n', 'Prussian Blue', 'Sap Green', 'Titanium White', 'Van Dyke Brown', 'Yellow Ochre']"
Black Seascape,12,5,"['Black Gesso', 'Bright Red', 'Cadmium Yellow', 'Dark Sienna', 'Midnight Black\\r\\n\\r\\n', 'Phthalo Blue', 'Phthalo Green\\r\\n', 'Titanium White', 'Van Dyke Brown']"
Steep Mountains,12,6,"['Alizarin Crimson', 'Bright Red', 'Cadmium Yellow', 'Dark Sienna', 'Indian Yellow', 'Midnight Black\\r\\n\\r\\n', 'Phthalo Blue', 'Prussian Blue', 'Sap Green', 'Titanium White', 'Van Dyke Brown', 'Yellow Ochre']"
Quiet Mountains River,12,7,"['Alizarin Crimson', 'Bright Red', 'Cadmium Yellow', 'Dark Sienna', 'Indian Yellow', 'Midnight Black\\r\\n\\r\\n', 'Phthalo Blue', 'Prussian Blue', 'Sap Green', 'Titanium White', 'Van Dyke Brown', 'Yellow Ochre']"
Evening Waterfall,12,8,"['Black Gesso', 'Bright Red', 'Cadmium Yellow', 'Dark Sienna', 'Indian Yellow', 'Midnight Black\\r\\n\\r\\n', 'Phthalo Blue', 'Sap Green', 'Titanium White', 'Van Dyke Brown', 'Yellow Ochre']"
Tropical Seascape,12,9,"['Alizarin Crimson', 'Bright Red', 'Cadmium Yellow', 'Dark Sienna', 'Indian Yellow', 'Liquid Clear', 'Midnight Black\\r\\n\\r\\n', 'Phthalo Blue', 'Prussian Blue', 'Titanium White', 'Van Dyke Brown', 'Yellow Ochre']"
Mountain at Sunset,12,10,"['Alizarin Crimson', 'Bright Red', 'Cadmium Yellow', 'Dark Sienna', 'Indian Yellow', 'Liquid Clear', 'Midnight Black\\r\\n\\r\\n', 'Phthalo Blue', 'Prussian Blue', 'Sap Green', 'Titanium White', 'Van Dyke Brown', 'Yellow Ochre']"
Soft Mountain Glow,12,11,"['Alizarin Crimson', 'Bright Red', 'Cadmium Yellow', 'Dark Sienna', 'Indian Yellow', 'Midnight Black\\r\\n\\r\\n', 'Phthalo Blue', 'Prussian Blue', 'Sap Green', 'Titanium White', 'Van Dyke Brown', 'Yellow Ochre']"
Mountain in an Oval,12,12,"['Alizarin Crimson', 'Bright Red', 'Cadmium Yellow', 'Dark Sienna', 'Indian Yellow', 'Midnight Black\\r\\n\\r\\n', 'Phthalo Blue', 'Sap Green', 'Titanium White', 'Van Dyke Brown', 'Yellow Ochre']"
Winter Mountain,12,13,"['Alizarin Crimson', 'Bright Red', 'Midnight Black\\r\\n\\r\\n', 'Phthalo Blue', 'Prussian Blue', 'Titanium White', 'Van Dyke Brown']"
Rolling Hills,13,1,"['Alizarin Crimson', 'Bright Red', 'Cadmium Yellow', 'Dark Sienna', 'Indian Yellow', 'Midnight Black\\r\\n\\r\\n', 'Phthalo Blue', 'Prussian Blue', 'Sap Green', 'Titanium White', 'Van Dyke Brown', 'Yellow Ochre']"
Frozen Solitude,13,2,"['Dark Sienna', 'Midnight Black\\r\\n\\r\\n', 'Prussian Blue', 'Titanium White', 'Van Dyke Brown']"
Meadow Brook,13,3,"['Alizarin Crimson', 'Bright Red', 'Cadmium Yellow', 'Dark Sienna', 'Indian Yellow', 'Midnight Black\\r\\n\\r\\n', 'Phthalo Blue', 'Phthalo Green\\r\\n', 'Prussian Blue', 'Sap Green', 'Titanium White', 'Van Dyke Brown', 'Yellow Ochre']"
Evening at Sunset,13,4,"['Alizarin Crimson', 'Black Gesso', 'Bright Red', 'Cadmium Yellow', 'Dark Sienna', 'Indian Yellow', 'Midnight Black\\r\\n\\r\\n', 'Phthalo Blue', 'Sap Green', 'Titanium White', 'Van Dyke Brown', 'Yellow Ochre']"
Mountain View,13,5,"['Alizarin Crimson', 'Bright Red', 'Cadmium Yellow', 'Dark Sienna', 'Indian Yellow', 'Midnight Black\\r\\n\\r\\n', 'Phthalo Blue', 'Sap Green', 'Titanium White', 'Van Dyke Brown', 'Yellow Ochre']"
Hidden Creek,13,6,"['Black Gesso', 'Cadmium Yellow', 'Dark Sienna', 'Indian Yellow', 'Midnight Black\\r\\n\\r\\n', 'Phthalo Blue', 'Sap Green', 'Titanium White', 'Van Dyke Brown', 'Yellow Ochre']"
Peaceful Haven,13,7,"['Alizarin Crimson', 'Bright Red', 'Cadmium Yellow', 'Dark Sienna', 'Indian Yellow', 'Midnight Black\\r\\n\\r\\n', 'Phthalo Blue', 'Phthalo Green\\r\\n', 'Prussian Blue', 'Sap Green', 'Titanium White', 'Van Dyke Brown', 'Yellow Ochre']"
Mountain Exhibition,13,8,"['Alizarin Crimson', 'Cadmium Yellow', 'Dark Sienna', 'Indian Yellow', 'Midnight Black\\r\\n\\r\\n', 'Phthalo Blue', 'Sap Green', 'Titanium White', 'Van Dyke Brown', 'Yellow Ochre']"
Emerald Waters,13,9,"['Black Gesso', 'Cadmium Yellow', 'Dark Sienna', 'Midnight Black\\r\\n\\r\\n', 'Prussian Blue', 'Sap Green', 'Titanium White', 'Van Dyke Brown', 'Yellow Ochre']"
Mountain Summit,13,10,"['Alizarin Crimson', 'Bright Red', 'Cadmium Yellow', 'Dark Sienna', 'Indian Yellow', 'Midnight Black\\r\\n\\r\\n', 'Phthalo Blue', 'Prussian Blue', 'Sap Green', 'Titanium White', 'Van Dyke Brown', 'Yellow Ochre']"
Cabin Hideaway,13,11,"['Alizarin Crimson', 'Bright Red', 'Cadmium Yellow', 'Dark Sienna', 'Midnight Black\\r\\n\\r\\n', 'Phthalo Blue', 'Prussian Blue', 'Titanium White', 'Van Dyke Brown', 'Yellow Ochre']"
Oval Essence,13,12,"['Alizarin Crimson', 'Cadmium Yellow', 'Dark Sienna', 'Midnight Black\\r\\n\\r\\n', 'Phthalo Blue', 'Phthalo Green\\r\\n', 'Titanium White', 'Van Dyke Brown']"
Lost Lake,13,13,"['Alizarin Crimson', 'Bright Red', 'Cadmium Yellow', 'Dark Sienna', 'Indian Yellow', 'Midnight Black\\r\\n\\r\\n', 'Phthalo Blue', 'Prussian Blue', 'Sap Green', 'Titanium White', 'Van Dyke Brown', 'Yellow Ochre']"
Distant Mountains,14,1,"['Alizarin Crimson', 'Bright Red', 'Cadmium Yellow', 'Dark Sienna', 'Indian Yellow', 'Midnight Black\\r\\n\\r\\n', 'Phthalo Blue', 'Phthalo Green\\r\\n', 'Prussian Blue', 'Sap Green', 'Titanium White', 'Van Dyke Brown', 'Yellow Ochre']"
Meadow Brook Surprise,14,2,"['Alizarin Crimson', 'Bright Red', 'Cadmium Yellow', 'Dark Sienna', 'Indian Yellow', 'Midnight Black\\r\\n\\r\\n', 'Phthalo Blue', 'Prussian Blue', 'Sap Green', 'Titanium White', 'Van Dyke Brown', 'Yellow Ochre']"
Mountain Moonlight Oval,14,3,"['Alizarin Crimson', 'Black Gesso', 'Cadmium Yellow', 'Dark Sienna', 'Indian Yellow', 'Midnight Black\\r\\n\\r\\n', 'Phthalo Blue', 'Prussian Blue', 'Sap Green', 'Titanium White', 'Van Dyke Brown', 'Yellow Ochre']"
Snowy Solitude,14,4,"['Alizarin Crimson', 'Dark Sienna', 'Midnight Black\\r\\n\\r\\n', 'Phthalo Blue', 'Titanium White', 'Van Dyke Brown', 'Yellow Ochre']"
Mountain River,14,5,"['Alizarin Crimson', 'Bright Red', 'Cadmium Yellow', 'Dark Sienna', 'Indian Yellow', 'Midnight Black\\r\\n\\r\\n', 'Phthalo Blue', 'Phthalo Green\\r\\n', 'Prussian Blue', 'Sap Green', 'Titanium White', 'Van Dyke Brown', 'Yellow Ochre']"
Graceful Mountains,14,6,"['Alizarin Crimson', 'Bright Red', 'Cadmium Yellow', 'Dark Sienna', 'Indian Yellow', 'Midnight Black\\r\\n\\r\\n', 'Phthalo Blue', 'Prussian Blue', 'Sap Green', 'Titanium White', 'Van Dyke Brown', 'Yellow Ochre']"
Windy Waves,14,7,"['Alizarin Crimson', 'Bright Red', 'Cadmium Yellow', 'Dark Sienna', 'Indian Yellow', 'Liquid Black', 'Midnight Black\\r\\n\\r\\n', 'Phthalo Blue', 'Phthalo Green\\r\\n', 'Prussian Blue', 'Sap Green', 'Titanium White', 'Van Dyke Brown', 'Yellow Ochre']"
On a Clear Day,14,8,"['Alizarin Crimson', 'Bright Red', 'Cadmium Yellow', 'Dark Sienna', 'Indian Yellow', 'Midnight Black\\r\\n\\r\\n', 'Phthalo Blue', 'Prussian Blue', 'Titanium White', 'Van Dyke Brown', 'Yellow Ochre']"
Riverside Escape Oval,14,9,"['Alizarin Crimson', 'Bright Red', 'Cadmium Yellow', 'Dark Sienna', 'Indian Yellow', 'Midnight Black\\r\\n\\r\\n', 'Phthalo Blue', 'Phthalo Green\\r\\n', 'Prussian Blue', 'Sap Green', 'Titanium White', 'Van Dyke Brown', 'Yellow Ochre']"
Surprising Falls,14,10,"['Alizarin Crimson', 'Bright Red', 'Cadmium Yellow', 'Dark Sienna', 'Indian Yellow', 'Midnight Black\\r\\n\\r\\n', 'Phthalo Blue', 'Phthalo Green\\r\\n', 'Prussian Blue', 'Sap Green', 'Titanium White', 'Van Dyke Brown', 'Yellow Ochre']"
Shadow Pond,14,11,"['Alizarin Crimson', 'Black Gesso', 'Bright Red', 'Cadmium Yellow', 'Dark Sienna', 'Indian Yellow', 'Midnight Black\\r\\n\\r\\n', 'Phthalo Blue', 'Prussian Blue', 'Sap Green', 'Titanium White', 'Van Dyke Brown', 'Yellow Ochre']"
Misty Forest Oval,14,12,"['Alizarin Crimson', 'Black Gesso', 'Bright Red', 'Cadmium Yellow', 'Dark Sienna', 'Indian Yellow', 'Midnight Black\\r\\n\\r\\n', 'Phthalo Blue', 'Sap Green', 'Titanium White', 'Van Dyke Brown', 'Yellow Ochre']"
Natural Wonder,14,13,"['Alizarin Crimson', 'Cadmium Yellow', 'Dark Sienna', 'Indian Yellow', 'Midnight Black\\r\\n\\r\\n', 'Phthalo Blue', 'Prussian Blue', 'Sap Green', 'Titanium White', 'Van Dyke Brown', 'Yellow Ochre']"
Splendor of Winter,15,1,"['Alizarin Crimson', 'Bright Red', 'Cadmium Yellow', 'Dark Sienna', 'Midnight Black\\r\\n\\r\\n', 'Phthalo Blue', 'Prussian Blue', 'Titanium White', 'Van Dyke Brown', 'Yellow Ochre']"
Colors of Nature,15,2,"['Alizarin Crimson', 'Bright Red', 'Cadmium Yellow', 'Dark Sienna', 'Indian Yellow', 'Midnight Black\\r\\n\\r\\n', 'Phthalo Blue', 'Prussian Blue', 'Sap Green', 'Titanium White', 'Van Dyke Brown', 'Yellow Ochre']"
Grandpa's Barn,15,3,"['Alizarin Crimson', 'Bright Red', 'Cadmium Yellow', 'Dark Sienna', 'Indian Yellow', 'Midnight Black\\r\\n\\r\\n', 'Prussian Blue', 'Sap Green', 'Titanium White', 'Van Dyke Brown', 'Yellow Ochre']"
Peaceful Reflections,15,4,"['Alizarin Crimson', 'Bright Red', 'Cadmium Yellow', 'Dark Sienna', 'Indian Yellow', 'Midnight Black\\r\\n\\r\\n', 'Phthalo Blue', 'Phthalo Green\\r\\n', 'Prussian Blue', 'Sap Green', 'Titanium White', 'Van Dyke Brown', 'Yellow Ochre']"
Hidden Winter Moon Oval,15,5,"['Alizarin Crimson', 'Black Gesso', 'Dark Sienna', 'Midnight Black\\r\\n\\r\\n', 'Phthalo Blue', 'Prussian Blue', 'Titanium White', 'Van Dyke Brown']"
Waves of Wonder,15,6,"['Alizarin Crimson', 'Bright Red', 'Cadmium Yellow', 'Dark Sienna', 'Liquid Clear', 'Midnight Black\\r\\n\\r\\n', 'Phthalo Blue', 'Phthalo Green\\r\\n', 'Prussian Blue', 'Titanium White', 'Van Dyke Brown', 'Yellow Ochre']"
Cabin by the Pond,15,7,"['Alizarin Crimson', 'Bright Red', 'Cadmium Yellow', 'Dark Sienna', 'Indian Yellow', 'Midnight Black\\r\\n\\r\\n', 'Phthalo Blue', 'Prussian Blue', 'Sap Green', 'Titanium White', 'Van Dyke Brown', 'Yellow Ochre']"
Fall Stream,15,8,"['Alizarin Crimson', 'Bright Red', 'Cadmium Yellow', 'Dark Sienna', 'Indian Yellow', 'Midnight Black\\r\\n\\r\\n', 'Phthalo Blue', 'Prussian Blue', 'Sap Green', 'Titanium White', 'Van Dyke Brown', 'Yellow Ochre']"
Christmas Eve Snow,15,9,"['Alizarin Crimson', 'Black Gesso', 'Cadmium Yellow', 'Dark Sienna', 'Midnight Black\\r\\n\\r\\n', 'Phthalo Blue', 'Prussian Blue', 'Titanium White', 'Van Dyke Brown']"
Forest Down Oval,15,10,"['Alizarin Crimson', 'Black Gesso', 'Bright Red', 'Cadmium Yellow', 'Dark Sienna', 'Indian Yellow', 'Midnight Black\\r\\n\\r\\n', 'Phthalo Blue', 'Sap Green', 'Titanium White', 'Van Dyke Brown', 'Yellow Ochre']"
Pathway to Autumn,15,11,"['Alizarin Crimson', 'Bright Red', 'Cadmium Yellow', 'Dark Sienna', 'Indian Yellow', 'Midnight Black\\r\\n\\r\\n', 'Phthalo Blue', 'Prussian Blue', 'Sap Green', 'Titanium White', 'Van Dyke Brown', 'Yellow Ochre']"
Deep Forest Lake,15,12,"['Alizarin Crimson', 'Black Gesso', 'Bright Red', 'Cadmium Yellow', 'Dark Sienna', 'Indian Yellow', 'Midnight Black\\r\\n\\r\\n', 'Phthalo Blue', 'Prussian Blue', 'Sap Green', 'Titanium White', 'Van Dyke Brown', 'Yellow Ochre']"
Peaks of Majesty,15,13,"['Alizarin Crimson', 'Cadmium Yellow', 'Dark Sienna', 'Indian Yellow', 'Midnight Black\\r\\n\\r\\n', 'Phthalo Blue', 'Prussian Blue', 'Sap Green', 'Titanium White', 'Van Dyke Brown', 'Yellow Ochre']"
Two Seasons,16,1,"['Alizarin Crimson', 'Bright Red', 'Cadmium Yellow', 'Dark Sienna', 'Indian Yellow', 'Midnight Black\\r\\n\\r\\n', 'Phthalo Blue', 'Phthalo Green\\r\\n', 'Prussian Blue', 'Sap Green', 'Titanium White', 'Van Dyke Brown', 'Yellow Ochre']"
Nestled Cabin,16,2,"['Alizarin Crimson', 'Black Gesso', 'Bright Red', 'Cadmium Yellow', 'Dark Sienna', 'Indian Yellow', 'Midnight Black\\r\\n\\r\\n', 'Phthalo Blue', 'Sap Green', 'Titanium White', 'Van Dyke Brown', 'Yellow Ochre']"
Wintertime Discovery,16,3,"['Alizarin Crimson', 'Bright Red', 'Cadmium Yellow', 'Dark Sienna', 'Indian Yellow', 'Midnight Black\\r\\n\\r\\n', 'Phthalo Blue', 'Prussian Blue', 'Titanium White', 'Van Dyke Brown', 'Yellow Ochre']"
Mountain Mirage Wood Shape,16,4,"['Alizarin Crimson', 'Bright Red', 'Cadmium Yellow', 'Dark Sienna', 'Indian Yellow', 'Midnight Black\\r\\n\\r\\n', 'Phthalo Blue', 'Prussian Blue', 'Sap Green', 'Titanium White', 'Van Dyke Brown', 'Yellow Ochre']"
Double Oval Fantasy,16,5,"['Alizarin Crimson', 'Bright Red', 'Cadmium Yellow', 'Dark Sienna', 'Indian Yellow', 'Midnight Black\\r\\n\\r\\n', 'Phthalo Blue', 'Phthalo Green\\r\\n', 'Prussian Blue', 'Sap Green', 'Titanium White', 'Van Dyke Brown', 'Yellow Ochre']"
Contemplative Lady,16,6,['Van Dyke Brown']
Deep Woods,16,7,"['Alizarin Crimson', 'Bright Red', 'Cadmium Yellow', 'Dark Sienna', 'Midnight Black\\r\\n\\r\\n', 'Phthalo Blue', 'Sap Green', 'Titanium White', 'Van Dyke Brown', 'Yellow Ochre']"
High Tide,16,8,"['Alizarin Crimson', 'Black Gesso', 'Bright Red', 'Cadmium Yellow', 'Dark Sienna', 'Indian Yellow', 'Midnight Black\\r\\n\\r\\n', 'Phthalo Blue', 'Sap Green', 'Titanium White', 'Van Dyke Brown', 'Yellow Ochre']"
Barn in Snow Oval,16,9,"['Alizarin Crimson', 'Dark Sienna', 'Midnight Black\\r\\n\\r\\n', 'Phthalo Blue', 'Titanium White', 'Van Dyke Brown', 'Yellow Ochre']"
That Time of Year,16,10,"['Alizarin Crimson', 'Bright Red', 'Cadmium Yellow', 'Indian Yellow', 'Midnight Black\\r\\n\\r\\n', 'Phthalo Blue', 'Sap Green', 'Titanium White', 'Van Dyke Brown']"
Waterfall Wonder,16,11,"['Alizarin Crimson', 'Black Gesso', 'Cadmium Yellow', 'Dark Sienna', 'Indian Yellow', 'Midnight Black\\r\\n\\r\\n', 'Phthalo Blue', 'Sap Green', 'Titanium White', 'Van Dyke Brown', 'Yellow Ochre']"
Mighty Mountain Lake,16,12,"['Alizarin Crimson', 'Bright Red', 'Cadmium Yellow', 'Dark Sienna', 'Indian Yellow', 'Midnight Black\\r\\n\\r\\n', 'Prussian Blue', 'Sap Green', 'Titanium White', 'Van Dyke Brown', 'Yellow Ochre']"
Wooded Stream Oval,16,13,"['Alizarin Crimson', 'Black Gesso', 'Bright Red', 'Cadmium Yellow', 'Dark Sienna', 'Indian Yellow', 'Midnight Black\\r\\n\\r\\n', 'Phthalo Blue', 'Sap Green', 'Titanium White', 'Van Dyke Brown', 'Yellow Ochre']"
Golden Mist Oval,17,1,"['Alizarin Crimson', 'Bright Red', 'Cadmium Yellow', 'Dark Sienna', 'Midnight Black\\r\\n\\r\\n', 'Phthalo Blue', 'Titanium White', 'Van Dyke Brown', 'Yellow Ochre']"
The Old Home Place,17,2,"['Alizarin Crimson', 'Bright Red', 'Cadmium Yellow', 'Dark Sienna', 'Indian Yellow', 'Midnight Black\\r\\n\\r\\n', 'Phthalo Blue', 'Sap Green', 'Titanium White', 'Van Dyke Brown', 'Yellow Ochre']"
Soothing Vista,17,3,"['Alizarin Crimson', 'Black Gesso', 'Bright Red', 'Cadmium Yellow', 'Dark Sienna', 'Indian Yellow', 'Midnight Black\\r\\n\\r\\n', 'Phthalo Blue', 'Prussian Blue', 'Sap Green', 'Titanium White', 'Van Dyke Brown', 'Yellow Ochre']"
Stormy Seas,17,4,"['Alizarin Crimson', 'Bright Red', 'Cadmium Yellow', 'Dark Sienna', 'Midnight Black\\r\\n\\r\\n', 'Phthalo Blue', 'Titanium White', 'Van Dyke Brown', 'Yellow Ochre']"
Country Time,17,5,"['Alizarin Crimson', 'Bright Red', 'Cadmium Yellow', 'Dark Sienna', 'Indian Yellow', 'Liquid Clear', 'Midnight Black\\r\\n\\r\\n', 'Phthalo Blue', 'Prussian Blue', 'Sap Green', 'Titanium White', 'Van Dyke Brown', 'Yellow Ochre']"
A Mild Winter's Day,17,6,"['Alizarin Crimson', 'Bright Red', 'Cadmium Yellow', 'Dark Sienna', 'Indian Yellow', 'Midnight Black\\r\\n\\r\\n', 'Phthalo Blue', 'Titanium White', 'Van Dyke Brown', 'Yellow Ochre']"
Spectacular Waterfall,17,7,"['Alizarin Crimson', 'Black Gesso', 'Bright Red', 'Cadmium Yellow', 'Dark Sienna', 'Indian Yellow', 'Liquid Clear', 'Midnight Black\\r\\n\\r\\n', 'Phthalo Blue', 'Phthalo Green\\r\\n', 'Prussian Blue', 'Sap Green', 'Titanium White', 'Van Dyke Brown', 'Yellow Ochre']"
View from the Park,17,8,"['Alizarin Crimson', 'Bright Red', 'Cadmium Yellow', 'Dark Sienna', 'Indian Yellow', 'Midnight Black\\r\\n\\r\\n', 'Phthalo Blue', 'Phthalo Green\\r\\n', 'Prussian Blue', 'Sap Green', 'Titanium White', 'Van Dyke Brown', 'Yellow Ochre']"
Lake View,17,9,"['Alizarin Crimson', 'Bright Red', 'Cadmium Yellow', 'Dark Sienna', 'Indian Yellow', 'Midnight Black\\r\\n\\r\\n', 'Phthalo Blue', 'Prussian Blue', 'Sap Green', 'Titanium White', 'Van Dyke Brown', 'Yellow Ochre']"
Old Country Mill,17,10,"['Alizarin Crimson', 'Bright Red', 'Cadmium Yellow', 'Dark Sienna', 'Indian Yellow', 'Midnight Black\\r\\n\\r\\n', 'Phthalo Blue', 'Sap Green', 'Titanium White', 'Van Dyke Brown', 'Yellow Ochre']"
Morning Walk,17,11,"['Alizarin Crimson', 'Black Gesso', 'Bright Red', 'Cadmium Yellow', 'Dark Sienna', 'Midnight Black\\r\\n\\r\\n', 'Phthalo Blue', 'Prussian Blue', 'Sap Green', 'Titanium White', 'Van Dyke Brown', 'Yellow Ochre']"
Nature's Splendor,17,12,"['Alizarin Crimson', 'Black Gesso', 'Bright Red', 'Cadmium Yellow', 'Dark Sienna', 'Indian Yellow', 'Midnight Black\\r\\n\\r\\n', 'Phthalo Blue', 'Prussian Blue', 'Sap Green', 'Titanium White', 'Van Dyke Brown', 'Yellow Ochre']"
Mountain Beauty,17,13,"['Alizarin Crimson', 'Bright Red', 'Cadmium Yellow', 'Dark Sienna', 'Indian Yellow', 'Midnight Black\\r\\n\\r\\n', 'Phthalo Blue', 'Sap Green', 'Titanium White', 'Van Dyke Brown', 'Yellow Ochre']"
Half-Oval Vignette,18,1,"['Alizarin Crimson', 'Bright Red', 'Cadmium Yellow', 'Dark Sienna', 'Indian Yellow', 'Midnight Black\\r\\n\\r\\n', 'Phthalo Blue', 'Prussian Blue', 'Sap Green', 'Titanium White', 'Van Dyke Brown', 'Yellow Ochre']"
Absolutely Autumn,18,2,"['Alizarin Crimson', 'Bright Red', 'Cadmium Yellow', 'Dark Sienna', 'Indian Yellow', 'Midnight Black\\r\\n\\r\\n', 'Phthalo Blue', 'Sap Green', 'Titanium White', 'Van Dyke Brown', 'Yellow Ochre']"
Mountain Seclusion,18,3,"['Alizarin Crimson', 'Black Gesso', 'Cadmium Yellow', 'Dark Sienna', 'Liquid Clear', 'Midnight Black\\r\\n\\r\\n', 'Phthalo Blue', 'Prussian Blue', 'Titanium White', 'Van Dyke Brown']"
Crimson Oval,18,4,"['Alizarin Crimson', 'Black Gesso', 'Bright Red', 'Cadmium Yellow', 'Dark Sienna', 'Indian Yellow', 'Midnight Black\\r\\n\\r\\n', 'Phthalo Blue', 'Sap Green', 'Titanium White', 'Van Dyke Brown', 'Yellow Ochre']"
Autumn Exhibition,18,5,"['Alizarin Crimson', 'Bright Red', 'Cadmium Yellow', 'Dark Sienna', 'Indian Yellow', 'Midnight Black\\r\\n\\r\\n', 'Phthalo Blue', 'Sap Green', 'Titanium White', 'Van Dyke Brown', 'Yellow Ochre']"
Majestic Peaks,18,6,"['Alizarin Crimson', 'Bright Red', 'Cadmium Yellow', 'Dark Sienna', 'Indian Yellow', 'Midnight Black\\r\\n\\r\\n', 'Phthalo Blue', 'Phthalo Green\\r\\n', 'Prussian Blue', 'Sap Green', 'Titanium White', 'Van Dyke Brown', 'Yellow Ochre']"
Golden Morning Mist,18,7,"['Alizarin Crimson', 'Black Gesso', 'Bright Red', 'Cadmium Yellow', 'Dark Sienna', 'Indian Yellow', 'Midnight Black\\r\\n\\r\\n', 'Phthalo Blue', 'Sap Green', 'Titanium White', 'Van Dyke Brown', 'Yellow Ochre']"
Winter Lace,18,8,"['Alizarin Crimson', 'Bright Red', 'Dark Sienna', 'Midnight Black\\r\\n\\r\\n', 'Phthalo Blue', 'Prussian Blue', 'Titanium White', 'Van Dyke Brown']"
Seascape Fantasy,18,9,"['Alizarin Crimson', 'Black Gesso', 'Cadmium Yellow', 'Dark Sienna', 'Indian Yellow', 'Midnight Black\\r\\n\\r\\n', 'Phthalo Blue', 'Sap Green', 'Titanium White', 'Van Dyke Brown', 'Yellow Ochre']"
Double Oval Stream,18,10,"['Alizarin Crimson', 'Bright Red', 'Cadmium Yellow', 'Dark Sienna', 'Indian Yellow', 'Liquid Black', 'Midnight Black\\r\\n\\r\\n', 'Phthalo Blue', 'Prussian Blue', 'Sap Green', 'Titanium White', 'Van Dyke Brown', 'Yellow Ochre']"
Enchanted Forest,18,11,"['Alizarin Crimson', 'Black Gesso', 'Bright Red', 'Cadmium Yellow', 'Dark Sienna', 'Indian Yellow', 'Midnight Black\\r\\n\\r\\n', 'Phthalo Blue', 'Sap Green', 'Titanium White', 'Van Dyke Brown', 'Yellow Ochre']"
Southwest Serenity,18,12,"['Alizarin Crimson', 'Bright Red', 'Cadmium Yellow', 'Dark Sienna', 'Midnight Black\\r\\n\\r\\n', 'Phthalo Blue', 'Sap Green', 'Titanium White', 'Van Dyke Brown', 'Yellow Ochre']"
Rippling Waters,18,13,"['Alizarin Crimson', 'Bright Red', 'Cadmium Yellow', 'Dark Sienna', 'Indian Yellow', 'Liquid Black', 'Midnight Black\\r\\n\\r\\n', 'Phthalo Blue', 'Sap Green', 'Titanium White', 'Van Dyke Brown', 'Yellow Ochre']"
Snowfall Magic,19,1,"['Alizarin Crimson', 'Bright Red', 'Cadmium Yellow', 'Dark Sienna', 'Indian Yellow', 'Midnight Black\\r\\n\\r\\n', 'Phthalo Blue', 'Titanium White', 'Van Dyke Brown', 'Yellow Ochre']"
Quiet Mountain Lake,19,2,"['Alizarin Crimson', 'Black Gesso', 'Bright Red', 'Cadmium Yellow', 'Dark Sienna', 'Indian Yellow', 'Liquid Clear', 'Midnight Black\\r\\n\\r\\n', 'Phthalo Blue', 'Prussian Blue', 'Sap Green', 'Titanium White', 'Van Dyke Brown', 'Yellow Ochre']"
Final Embers of Sunlight,19,3,"['Alizarin Crimson', 'Bright Red', 'Cadmium Yellow', 'Dark Sienna', 'Indian Yellow', 'Midnight Black\\r\\n\\r\\n', 'Phthalo Blue', 'Prussian Blue', 'Sap Green', 'Titanium White', 'Van Dyke Brown', 'Yellow Ochre']"
Snowy Morn,19,4,"['Alizarin Crimson', 'Dark Sienna', 'Midnight Black\\r\\n\\r\\n', 'Prussian Blue', 'Titanium White', 'Van Dyke Brown', 'Yellow Ochre']"
Camper's Haven,19,5,"['Alizarin Crimson', 'Cadmium Yellow', 'Dark Sienna', 'Indian Yellow', 'Midnight Black\\r\\n\\r\\n', 'Phthalo Blue', 'Prussian Blue', 'Sap Green', 'Titanium White', 'Van Dyke Brown', 'Yellow Ochre']"
Waterfall in the Woods,19,6,"['Alizarin Crimson', 'Black Gesso', 'Bright Red', 'Cadmium Yellow', 'Dark Sienna', 'Indian Yellow', 'Liquid Clear', 'Midnight Black\\r\\n\\r\\n', 'Phthalo Blue', 'Prussian Blue', 'Sap Green', 'Titanium White', 'Van Dyke Brown', 'Yellow Ochre']"
Covered Bridge Oval,19,7,"['Alizarin Crimson', 'Bright Red', 'Cadmium Yellow', 'Dark Sienna', 'Midnight Black\\r\\n\\r\\n', 'Phthalo Blue', 'Prussian Blue', 'Titanium White', 'Van Dyke Brown', 'Yellow Ochre']"
Scenic Seclusion,19,8,"['Alizarin Crimson', 'Bright Red', 'Cadmium Yellow', 'Dark Sienna', 'Indian Yellow', 'Midnight Black\\r\\n\\r\\n', 'Phthalo Blue', 'Phthalo Green\\r\\n', 'Prussian Blue', 'Sap Green', 'Titanium White', 'Van Dyke Brown', 'Yellow Ochre']"
Ebb Tide,19,9,"['Alizarin Crimson', 'Bright Red', 'Cadmium Yellow', 'Dark Sienna', 'Liquid Clear', 'Midnight Black\\r\\n\\r\\n', 'Phthalo Blue', 'Titanium White', 'Van Dyke Brown', 'Yellow Ochre']"
After the Rain,19,10,"['Alizarin Crimson', 'Black Gesso', 'Bright Red', 'Cadmium Yellow', 'Dark Sienna', 'Indian Yellow', 'Midnight Black\\r\\n\\r\\n', 'Phthalo Blue', 'Sap Green', 'Titanium White', 'Van Dyke Brown', 'Yellow Ochre']"
Winter Elegance,19,11,"['Alizarin Crimson', 'Bright Red', 'Cadmium Yellow', 'Dark Sienna', 'Midnight Black\\r\\n\\r\\n', 'Phthalo Blue', 'Titanium White', 'Van Dyke Brown', 'Yellow Ochre']"
Evening's Peace,19,12,"['Alizarin Crimson', 'Black Gesso', 'Cadmium Yellow', 'Dark Sienna', 'Liquid Clear', 'Midnight Black\\r\\n\\r\\n', 'Phthalo Blue', 'Prussian Blue', 'Titanium White', 'Van Dyke Brown']"
Valley of Tranquility,19,13,"['Alizarin Crimson', 'Bright Red', 'Cadmium Yellow', 'Dark Sienna', 'Indian Yellow', 'Midnight Black\\r\\n\\r\\n', 'Phthalo Blue', 'Phthalo Green\\r\\n', 'Prussian Blue', 'Sap Green', 'Titanium White', 'Van Dyke Brown', 'Yellow Ochre']"
Mystic Mountain,20,1,"['Alizarin Crimson', 'Bright Red', 'Cadmium Yellow', 'Dark Sienna', 'Indian Yellow', 'Midnight Black\\r\\n\\r\\n', 'Phthalo Blue', 'Prussian Blue', 'Sap Green', 'Titanium White', 'Van Dyke Brown', 'Yellow Ochre']"
New Day's Dawn,20,2,"['Alizarin Crimson', 'Bright Red', 'Cadmium Yellow', 'Dark Sienna', 'Indian Yellow', 'Liquid Clear', 'Midnight Black\\r\\n\\r\\n', 'Phthalo Blue', 'Sap Green', 'Titanium White', 'Van Dyke Brown', 'Yellow Ochre']"
Winter in Pastel,20,3,"['Alizarin Crimson', 'Bright Red', 'Dark Sienna', 'Indian Yellow', 'Midnight Black\\r\\n\\r\\n', 'Phthalo Blue', 'Titanium White', 'Van Dyke Brown', 'Yellow Ochre']"
Hazy Day,20,4,"['Alizarin Crimson', 'Bright Red', 'Cadmium Yellow', 'Dark Sienna', 'Indian Yellow', 'Midnight Black\\r\\n\\r\\n', 'Phthalo Blue', 'Sap Green', 'Titanium White', 'Van Dyke Brown', 'Yellow Ochre']"
Divine Elegance,20,5,"['Alizarin Crimson', 'Cadmium Yellow', 'Dark Sienna', 'Indian Yellow', 'Midnight Black\\r\\n\\r\\n', 'Phthalo Blue', 'Phthalo Green\\r\\n', 'Prussian Blue', 'Sap Green', 'Titanium White', 'Van Dyke Brown', 'Yellow Ochre']"
Cliffside,20,6,"['Alizarin Crimson', 'Black Gesso', 'Bright Red', 'Cadmium Yellow', 'Dark Sienna', 'Indian Yellow', 'Midnight Black\\r\\n\\r\\n', 'Phthalo Blue', 'Sap Green', 'Titanium White', 'Van Dyke Brown', 'Yellow Ochre']"
Autumn Fantasy,20,7,"['Alizarin Crimson', 'Bright Red', 'Cadmium Yellow', 'Dark Sienna', 'Indian Yellow', 'Midnight Black\\r\\n\\r\\n', 'Phthalo Blue', 'Sap Green', 'Titanium White', 'Van Dyke Brown', 'Yellow Ochre']"
The Old Oak Tree,20,8,"['Alizarin Crimson', 'Black Gesso', 'Bright Red', 'Cadmium Yellow', 'Dark Sienna', 'Indian Yellow', 'Liquid Clear', 'Midnight Black\\r\\n\\r\\n', 'Phthalo Blue', 'Sap Green', 'Titanium White', 'Van Dyke Brown', 'Yellow Ochre']"
Winter Paradise,20,9,"['Alizarin Crimson', 'Dark Sienna', 'Midnight Black\\r\\n\\r\\n', 'Phthalo Blue', 'Prussian Blue', 'Titanium White']"
Days Gone By,20,10,"['Alizarin Crimson', 'Bright Red', 'Cadmium Yellow', 'Dark Sienna', 'Indian Yellow', 'Midnight Black\\r\\n\\r\\n', 'Phthalo Blue', 'Prussian Blue', 'Sap Green', 'Titanium White', 'Van Dyke Brown', 'Yellow Ochre']"
Change of Seasons,20,11,"['Alizarin Crimson', 'Bright Red', 'Cadmium Yellow', 'Dark Sienna', 'Indian Yellow', 'Midnight Black\\r\\n\\r\\n', 'Phthalo Blue', 'Prussian Blue', 'Sap Green', 'Titanium White', 'Van Dyke Brown', 'Yellow Ochre']"
Hidden Delight,20,12,"['Alizarin Crimson', 'Bright Red', 'Cadmium Yellow', 'Dark Sienna', 'Indian Yellow', 'Midnight Black\\r\\n\\r\\n', 'Phthalo Blue', 'Sap Green', 'Titanium White', 'Van Dyke Brown', 'Yellow Ochre']"
Double Take,20,13,"['Alizarin Crimson', 'Bright Red', 'Cadmium Yellow', 'Dark Sienna', 'Indian Yellow', 'Midnight Black\\r\\n\\r\\n', 'Phthalo Blue', 'Phthalo Green\\r\\n', 'Prussian Blue', 'Sap Green', 'Titanium White', 'Van Dyke Brown', 'Yellow Ochre']"
Valley View,21,1,"['Alizarin Crimson', 'Black Gesso', 'Bright Red', 'Cadmium Yellow', 'Dark Sienna', 'Indian Yellow', 'Midnight Black\\r\\n\\r\\n', 'Phthalo Blue', 'Prussian Blue', 'Sap Green', 'Titanium White', 'Van Dyke Brown', 'Yellow Ochre']"
Tranquil Dawn,21,2,"['Alizarin Crimson', 'Cadmium Yellow', 'Dark Sienna', 'Indian Yellow', 'Liquid Clear', 'Midnight Black\\r\\n\\r\\n', 'Phthalo Blue', 'Titanium White', 'Van Dyke Brown', 'Yellow Ochre']"
Royal Majesty,21,3,"['Alizarin Crimson', 'Black Gesso', 'Bright Red', 'Cadmium Yellow', 'Dark Sienna', 'Indian Yellow', 'Liquid Clear', 'Midnight Black\\r\\n\\r\\n', 'Phthalo Blue', 'Prussian Blue', 'Sap Green', 'Titanium White', 'Van Dyke Brown', 'Yellow Ochre']"
Serenity,21,4,"['Alizarin Crimson', 'Black Gesso', 'Bright Red', 'Cadmium Yellow', 'Dark Sienna', 'Indian Yellow', 'Midnight Black\\r\\n\\r\\n', 'Phthalo Blue', 'Sap Green', 'Titanium White', 'Van Dyke Brown', 'Yellow Ochre']"
Cabin at Trails End,21,5,"['Alizarin Crimson', 'Black Gesso', 'Bright Red', 'Cadmium Yellow', 'Dark Sienna', 'Indian Yellow', 'Liquid Clear', 'Midnight Black\\r\\n\\r\\n', 'Phthalo Blue', 'Sap Green', 'Titanium White', 'Van Dyke Brown', 'Yellow Ochre']"
Mountain Rhapsody,21,6,"['Alizarin Crimson', 'Dark Sienna', 'Indian Yellow', 'Midnight Black\\r\\n\\r\\n', 'Phthalo Blue', 'Titanium White', 'Van Dyke Brown', 'Yellow Ochre']"
Wilderness Cabin,21,7,"['Alizarin Crimson', 'Bright Red', 'Cadmium Yellow', 'Dark Sienna', 'Indian Yellow', 'Liquid Clear', 'Midnight Black\\r\\n\\r\\n', 'Phthalo Blue', 'Phthalo Green\\r\\n', 'Prussian Blue', 'Sap Green', 'Titanium White', 'Van Dyke Brown', 'Yellow Ochre']"
By the Sea,21,8,"['Alizarin Crimson', 'Black Gesso', 'Bright Red', 'Cadmium Yellow', 'Dark Sienna', 'Indian Yellow', 'Midnight Black\\r\\n\\r\\n', 'Phthalo Blue', 'Phthalo Green\\r\\n', 'Sap Green', 'Titanium White', 'Van Dyke Brown', 'Yellow Ochre']"
Indian Summer,21,9,"['Alizarin Crimson', 'Black Gesso', 'Bright Red', 'Cadmium Yellow', 'Dark Sienna', 'Indian Yellow', 'Midnight Black\\r\\n\\r\\n', 'Phthalo Blue', 'Prussian Blue', 'Sap Green', 'Titanium White', 'Van Dyke Brown', 'Yellow Ochre']"
Blue Winter,21,10,"['Midnight Black\\r\\n\\r\\n', 'Prussian Blue', 'Titanium White']"
Desert Glow,21,11,"['Alizarin Crimson', 'Bright Red', 'Cadmium Yellow', 'Indian Yellow', 'Midnight Black\\r\\n\\r\\n', 'Phthalo Blue', 'Sap Green', 'Titanium White', 'Yellow Ochre']"
Lone Mountain,21,12,"['Alizarin Crimson', 'Bright Red', 'Cadmium Yellow', 'Dark Sienna', 'Indian Yellow', 'Midnight Black\\r\\n\\r\\n', 'Phthalo Blue', 'Phthalo Green\\r\\n', 'Prussian Blue', 'Sap Green', 'Titanium White', 'Van Dyke Brown', 'Yellow Ochre']"
Florida's Glory,21,13,"['Alizarin Crimson', 'Cadmium Yellow', 'Dark Sienna', 'Liquid Clear', 'Midnight Black\\r\\n\\r\\n', 'Phthalo Blue', 'Prussian Blue', 'Sap Green', 'Titanium White', 'Van Dyke Brown', 'Yellow Ochre']"
Autumn Images,22,1,"['Alizarin Crimson', 'Bright Red', 'Cadmium Yellow', 'Dark Sienna', 'Indian Red', 'Midnight Black\\r\\n\\r\\n', 'Prussian Blue', 'Sap Green', 'Titanium White', 'Van Dyke Brown', 'Yellow Ochre']"
Hint of Springtime,22,2,"['Alizarin Crimson', 'Bright Red', 'Cadmium Yellow', 'Dark Sienna', 'Indian Yellow', 'Midnight Black\\r\\n\\r\\n', 'Phthalo Blue', 'Phthalo Green\\r\\n', 'Prussian Blue', 'Sap Green', 'Titanium White', 'Van Dyke Brown', 'Yellow Ochre']"
Around the Bend,22,3,"['Alizarin Crimson', 'Black Gesso', 'Bright Red', 'Cadmium Yellow', 'Dark Sienna', 'Indian Yellow', 'Midnight Black\\r\\n\\r\\n', 'Phthalo Blue', 'Phthalo Green\\r\\n', 'Prussian Blue', 'Sap Green', 'Titanium White', 'Van Dyke Brown', 'Yellow Ochre']"
Countryside Oval,22,4,"['Alizarin Crimson', 'Bright Red', 'Cadmium Yellow', 'Dark Sienna', 'Indian Yellow', 'Midnight Black\\r\\n\\r\\n', 'Phthalo Blue', 'Prussian Blue', 'Sap Green', 'Titanium White', 'Van Dyke Brown', 'Yellow Ochre']"
Russet Winter,22,5,"['Alizarin Crimson', 'Cadmium Yellow', 'Dark Sienna', 'Indian Yellow', 'Midnight Black\\r\\n\\r\\n', 'Phthalo Blue', 'Titanium White', 'Van Dyke Brown', 'Yellow Ochre']"
Purple Haze,22,6,"['Alizarin Crimson', 'Bright Red', 'Cadmium Yellow', 'Dark Sienna', 'Indian Yellow', 'Midnight Black\\r\\n\\r\\n', 'Phthalo Blue', 'Sap Green', 'Titanium White', 'Van Dyke Brown', 'Yellow Ochre']"
Dimensions,22,7,"['Alizarin Crimson', 'Bright Red', 'Cadmium Yellow', 'Dark Sienna', 'Indian Yellow', 'Midnight Black\\r\\n\\r\\n', 'Phthalo Blue', 'Prussian Blue', 'Sap Green', 'Titanium White', 'Van Dyke Brown', 'Yellow Ochre']"
Deep Wilderness Home,22,8,"['Alizarin Crimson', 'Bright Red', 'Cadmium Yellow', 'Dark Sienna', 'Indian Yellow', 'Midnight Black\\r\\n\\r\\n', 'Phthalo Blue', 'Prussian Blue', 'Sap Green', 'Titanium White', 'Van Dyke Brown', 'Yellow Ochre']"
Haven in the Valley,22,9,"['Alizarin Crimson', 'Bright Red', 'Cadmium Yellow', 'Dark Sienna', 'Indian Yellow', 'Midnight Black\\r\\n\\r\\n', 'Phthalo Blue', 'Phthalo Green\\r\\n', 'Prussian Blue', 'Sap Green', 'Titanium White', 'Van Dyke Brown', 'Yellow Ochre']"
Wintertime Blues,22,10,"['Alizarin Crimson', 'Dark Sienna', 'Midnight Black\\r\\n\\r\\n', 'Phthalo Blue', 'Prussian Blue', 'Titanium White', 'Van Dyke Brown']"
Pastel Seascape,22,11,"['Alizarin Crimson', 'Bright Red', 'Cadmium Yellow', 'Dark Sienna', 'Indian Yellow', 'Midnight Black\\r\\n\\r\\n', 'Phthalo Blue', 'Sap Green', 'Titanium White', 'Van Dyke Brown', 'Yellow Ochre']"
Country Creek,22,12,"['Alizarin Crimson', 'Black Gesso', 'Bright Red', 'Cadmium Yellow', 'Dark Sienna', 'Indian Yellow', 'Midnight Black\\r\\n\\r\\n', 'Phthalo Blue', 'Prussian Blue', 'Sap Green', 'Titanium White', 'Van Dyke Brown', 'Yellow Ochre']"
Silent Forest,22,13,"['Alizarin Crimson', 'Black Gesso', 'Bright Red', 'Cadmium Yellow', 'Dark Sienna', 'Indian Yellow', 'Liquid Clear', 'Midnight Black\\r\\n\\r\\n', 'Phthalo Blue', 'Sap Green', 'Titanium White', 'Van Dyke Brown', 'Yellow Ochre']"
Frosty Winter Morn,23,1,"['Alizarin Crimson', 'Cadmium Yellow', 'Midnight Black\\r\\n\\r\\n', 'Phthalo Blue', 'Prussian Blue', 'Sap Green', 'Titanium White', 'Van Dyke Brown']"
Forest Edge,23,2,"['Alizarin Crimson', 'Black Gesso', 'Bright Red', 'Cadmium Yellow', 'Dark Sienna', 'Indian Yellow', 'Midnight Black\\r\\n\\r\\n', 'Prussian Blue', 'Sap Green', 'Titanium White', 'Van Dyke Brown', 'Yellow Ochre']"
Mountain Ridge Lake,23,3,"['Alizarin Crimson', 'Bright Red', 'Cadmium Yellow', 'Dark Sienna', 'Indian Yellow', 'Midnight Black\\r\\n\\r\\n', 'Phthalo Blue', 'Prussian Blue', 'Sap Green', 'Titanium White', 'Van Dyke Brown', 'Yellow Ochre']"
Reflections of Gold,23,4,"['Alizarin Crimson', 'Bright Red', 'Cadmium Yellow', 'Dark Sienna', 'Indian Yellow', 'Midnight Black\\r\\n\\r\\n', 'Prussian Blue', 'Titanium White', 'Van Dyke Brown', 'Yellow Ochre']"
Quiet Cove,23,5,"['Alizarin Crimson', 'Bright Red', 'Cadmium Yellow', 'Dark Sienna', 'Indian Yellow', 'Midnight Black\\r\\n\\r\\n', 'Prussian Blue', 'Sap Green', 'Titanium White', 'Van Dyke Brown', 'Yellow Ochre']"
Rivers Peace,23,6,"['Alizarin Crimson', 'Black Gesso', 'Bright Red', 'Cadmium Yellow', 'Dark Sienna', 'Indian Yellow', 'Midnight Black\\r\\n\\r\\n', 'Phthalo Blue', 'Prussian Blue', 'Sap Green', 'Titanium White', 'Van Dyke Brown', 'Yellow Ochre']"
At Dawn's Light,23,7,"['Alizarin Crimson', 'Bright Red', 'Cadmium Yellow', 'Dark Sienna', 'Midnight Black\\r\\n\\r\\n', 'Prussian Blue', 'Titanium White', 'Van Dyke Brown', 'Yellow Ochre']"
Valley Waterfall,23,8,"['Alizarin Crimson', 'Black Gesso', 'Bright Red', 'Cadmium Yellow', 'Dark Sienna', 'Indian Yellow', 'Liquid Clear', 'Midnight Black\\r\\n\\r\\n', 'Phthalo Blue', 'Phthalo Green\\r\\n', 'Prussian Blue', 'Sap Green', 'Titanium White', 'Van Dyke Brown', 'Yellow Ochre']"
Toward Days End,23,9,"['Alizarin Crimson', 'Bright Red', 'Cadmium Yellow', 'Dark Sienna', 'Indian Yellow', 'Midnight Black\\r\\n\\r\\n', 'Phthalo Blue', 'Phthalo Green\\r\\n', 'Prussian Blue', 'Sap Green', 'Titanium White', 'Van Dyke Brown', 'Yellow Ochre']"
Falls in the Glen,23,10,"['Alizarin Crimson', 'Black Gesso', 'Bright Red', 'Cadmium Yellow', 'Dark Sienna', 'Indian Yellow', 'Midnight Black\\r\\n\\r\\n', 'Phthalo Blue', 'Phthalo Green\\r\\n', 'Prussian Blue', 'Sap Green', 'Titanium White', 'Van Dyke Brown', 'Yellow Ochre']"
Frozen Beauty in Vignette,23,11,"['Bright Red', 'Dark Sienna', 'Midnight Black\\r\\n\\r\\n', 'Phthalo Blue', 'Phthalo Green\\r\\n', 'Prussian Blue', 'Titanium White', 'Van Dyke Brown', 'Yellow Ochre']"
Crimson Tide,23,12,"['Alizarin Crimson', 'Cadmium Yellow', 'Dark Sienna', 'Midnight Black\\r\\n\\r\\n', 'Phthalo Blue', 'Titanium White', 'Van Dyke Brown', 'Yellow Ochre']"
Winter Bliss,23,13,"['Alizarin Crimson', 'Dark Sienna', 'Midnight Black\\r\\n\\r\\n', 'Phthalo Blue', 'Prussian Blue', 'Titanium White', 'Van Dyke Brown']"
Gray Mountain,24,1,"['Alizarin Crimson', 'Bright Red', 'Cadmium Yellow', 'Dark Sienna', 'Indian Yellow', 'Midnight Black\\r\\n\\r\\n', 'Phthalo Blue', 'Phthalo Green\\r\\n', 'Prussian Blue', 'Sap Green', 'Titanium White', 'Van Dyke Brown', 'Yellow Ochre']"
Wayside Pond,24,2,"['Alizarin Crimson', 'Black Gesso', 'Bright Red', 'Dark Sienna', 'Midnight Black\\r\\n\\r\\n', 'Phthalo Blue', 'Prussian Blue', 'Sap Green', 'Titanium White', 'Van Dyke Brown', 'Yellow Ochre']"
Teton Winter,24,3,"['Alizarin Crimson', 'Midnight Black\\r\\n\\r\\n', 'Phthalo Blue', 'Prussian Blue', 'Sap Green', 'Titanium White']"
Little Home in the Meadow,24,4,"['Alizarin Crimson', 'Black Gesso', 'Bright Red', 'Cadmium Yellow', 'Indian Yellow', 'Liquid Clear', 'Midnight Black\\r\\n\\r\\n', 'Phthalo Blue', 'Prussian Blue', 'Sap Green', 'Titanium White', 'Yellow Ochre']"
A Pretty Autumn Day,24,5,"['Alizarin Crimson', 'Black Gesso', 'Bright Red', 'Cadmium Yellow', 'Indian Yellow', 'Liquid Clear', 'Midnight Black\\r\\n\\r\\n', 'Phthalo Blue', 'Phthalo Green\\r\\n', 'Prussian Blue', 'Sap Green', 'Titanium White', 'Yellow Ochre']"
Mirrored Images,24,6,"['Alizarin Crimson', 'Bright Red', 'Cadmium Yellow', 'Dark Sienna', 'Indian Yellow', 'Midnight Black\\r\\n\\r\\n', 'Phthalo Blue', 'Prussian Blue', 'Sap Green', 'Titanium White', 'Van Dyke Brown', 'Yellow Ochre']"
Back-Country Path,24,7,"['Alizarin Crimson', 'Black Gesso', 'Bright Red', 'Cadmium Yellow', 'Indian Yellow', 'Midnight Black\\r\\n\\r\\n', 'Phthalo Blue', 'Prussian Blue', 'Sap Green', 'Titanium White', 'Yellow Ochre']"
Graceful Waterfall,24,8,"['Alizarin Crimson', 'Black Gesso', 'Bright Red', 'Cadmium Yellow', 'Dark Sienna', 'Indian Yellow', 'Liquid Clear', 'Midnight Black\\r\\n\\r\\n', 'Phthalo Blue', 'Phthalo Green\\r\\n', 'Prussian Blue', 'Sap Green', 'Titanium White', 'Van Dyke Brown', 'Yellow Ochre']"
Icy Lake,24,9,"['Alizarin Crimson', 'Bright Red', 'Cadmium Yellow', 'Dark Sienna', 'Indian Yellow', 'Midnight Black\\r\\n\\r\\n', 'Prussian Blue', 'Sap Green', 'Titanium White', 'Van Dyke Brown', 'Yellow Ochre']"
Rowboat on the Beach,24,10,"['Alizarin Crimson', 'Cadmium Yellow', 'Midnight Black\\r\\n\\r\\n', 'Phthalo Blue', 'Phthalo Green\\r\\n', 'Sap Green', 'Titanium White', 'Yellow Ochre']"
Portrait of Winter,24,11,"['Alizarin Crimson', 'Midnight Black\\r\\n\\r\\n', 'Phthalo Blue', 'Prussian Blue', 'Titanium White']"
The Footbridge,24,12,"['Alizarin Crimson', 'Bright Red', 'Cadmium Yellow', 'Dark Sienna', 'Indian Yellow', 'Midnight Black\\r\\n\\r\\n', 'Phthalo Blue', 'Phthalo Green\\r\\n', 'Prussian Blue', 'Sap Green', 'Titanium White', 'Van Dyke Brown', 'Yellow Ochre']"
Snowbound Cabin,24,13,"['Alizarin Crimson', 'Black Gesso', 'Liquid Clear', 'Midnight Black\\r\\n\\r\\n', 'Phthalo Blue', 'Prussian Blue', 'Sap Green', 'Titanium White']"
Hide A Way Cove,25,1,"['Alizarin Crimson', 'Bright Red', 'Cadmium Yellow', 'Dark Sienna', 'Indian Yellow', 'Midnight Black\\r\\n\\r\\n', 'Phthalo Blue', 'Phthalo Green\\r\\n', 'Prussian Blue', 'Sap Green', 'Titanium White', 'Van Dyke Brown', 'Yellow Ochre']"
Enchanted Falls Oval,25,2,"['Alizarin Crimson', 'Black Gesso', 'Indian Yellow', 'Sap Green', 'Titanium White', 'Yellow Ochre']"
Not Quite Spring,25,3,"['Alizarin Crimson', 'Black Gesso', 'Cadmium Yellow', 'Dark Sienna', 'Midnight Black\\r\\n\\r\\n', 'Prussian Blue', 'Titanium White', 'Van Dyke Brown', 'Yellow Ochre']"
Splashes of Autumn,25,4,"['Alizarin Crimson', 'Black Gesso', 'Bright Red', 'Cadmium Yellow', 'Dark Sienna', 'Indian Yellow', 'Liquid Clear', 'Midnight Black\\r\\n\\r\\n', 'Phthalo Blue', 'Prussian Blue', 'Sap Green', 'Titanium White', 'Van Dyke Brown', 'Yellow Ochre']"
Summer in the Mountain,25,5,"['Alizarin Crimson', 'Bright Red', 'Cadmium Yellow', 'Dark Sienna', 'Indian Yellow', 'Midnight Black\\r\\n\\r\\n', 'Prussian Blue', 'Sap Green', 'Titanium White', 'Van Dyke Brown', 'Yellow Ochre']"
Oriental Falls,25,6,"['Alizarin Crimson', 'Bright Red', 'Cadmium Yellow', 'Dark Sienna', 'Indian Yellow', 'Midnight Black\\r\\n\\r\\n', 'Prussian Blue', 'Sap Green', 'Titanium White', 'Van Dyke Brown', 'Yellow Ochre']"
Autumn Palette,25,7,"['Alizarin Crimson', 'Black Gesso', 'Bright Red', 'Cadmium Yellow', 'Dark Sienna', 'Indian Yellow', 'Liquid Clear', 'Midnight Black\\r\\n\\r\\n', 'Phthalo Blue', 'Sap Green', 'Titanium White', 'Van Dyke Brown', 'Yellow Ochre']"
Cypress Swamp,25,8,"['Alizarin Crimson', 'Bright Red', 'Cadmium Yellow', 'Dark Sienna', 'Indian Yellow', 'Midnight Black\\r\\n\\r\\n', 'Phthalo Blue', 'Prussian Blue', 'Sap Green', 'Titanium White', 'Van Dyke Brown', 'Yellow Ochre']"
Downstream View,25,9,"['Alizarin Crimson', 'Black Gesso', 'Bright Red', 'Cadmium Yellow', 'Dark Sienna', 'Indian Yellow', 'Midnight Black\\r\\n\\r\\n', 'Phthalo Blue', 'Phthalo Green\\r\\n', 'Prussian Blue', 'Sap Green', 'Titanium White', 'Van Dyke Brown', 'Yellow Ochre']"
Just Before the Storm,25,10,"['Alizarin Crimson', 'Cadmium Yellow', 'Dark Sienna', 'Midnight Black\\r\\n\\r\\n', 'Prussian Blue', 'Sap Green', 'Titanium White', 'Van Dyke Brown']"
Fisherman's Paradise,25,11,"['Alizarin Crimson', 'Black Gesso', 'Bright Red', 'Cadmium Yellow', 'Dark Sienna', 'Indian Yellow', 'Midnight Black\\r\\n\\r\\n', 'Prussian Blue', 'Sap Green', 'Titanium White', 'Van Dyke Brown', 'Yellow Ochre']"
Desert Hues,25,12,"['Alizarin Crimson', 'Bright Red', 'Cadmium Yellow', 'Dark Sienna', 'Indian Yellow', 'Midnight Black\\r\\n\\r\\n', 'Prussian Blue', 'Sap Green', 'Titanium White', 'Van Dyke Brown', 'Yellow Ochre']"
The Property Line,25,13,"['Alizarin Crimson', 'Bright Red', 'Cadmium Yellow', 'Dark Sienna', 'Indian Yellow', 'Midnight Black\\r\\n\\r\\n', 'Prussian Blue', 'Sap Green', 'Titanium White', 'Van Dyke Brown', 'Yellow Ochre']"
In the Stillness of Morning,26,1,"['Alizarin Crimson', 'Cadmium Yellow', 'Dark Sienna', 'Indian Yellow', 'Midnight Black\\r\\n\\r\\n', 'Prussian Blue', 'Sap Green', 'Titanium White', 'Van Dyke Brown', 'Yellow Ochre']"
Delightful Meadow Home,26,2,"['Alizarin Crimson', 'Bright Red', 'Cadmium Yellow', 'Indian Yellow', 'Midnight Black\\r\\n\\r\\n', 'Prussian Blue', 'Sap Green', 'Titanium White', 'Yellow Ochre']"
First Snow,26,3,"['Alizarin Crimson', 'Bright Red', 'Cadmium Yellow', 'Dark Sienna', 'Indian Yellow', 'Midnight Black\\r\\n\\r\\n', 'Phthalo Blue', 'Prussian Blue', 'Sap Green', 'Titanium White', 'Van Dyke Brown', 'Yellow Ochre']"
Lake in the Valley,26,4,"['Alizarin Crimson', 'Black Gesso', 'Bright Red', 'Cadmium Yellow', 'Dark Sienna', 'Indian Yellow', 'Liquid Clear', 'Midnight Black\\r\\n\\r\\n', 'Phthalo Blue', 'Phthalo Green\\r\\n', 'Prussian Blue', 'Sap Green', 'Titanium White', 'Van Dyke Brown', 'Yellow Ochre']"
A Trace of Spring,26,5,"['Alizarin Crimson', 'Bright Red', 'Cadmium Yellow', 'Dark Sienna', 'Indian Yellow', 'Midnight Black\\r\\n\\r\\n', 'Phthalo Blue', 'Phthalo Green\\r\\n', 'Prussian Blue', 'Sap Green', 'Titanium White', 'Van Dyke Brown', 'Yellow Ochre']"
An Arctic Winter Day,26,6,"['Alizarin Crimson', 'Dark Sienna', 'Midnight Black\\r\\n\\r\\n', 'Prussian Blue', 'Titanium White', 'Van Dyke Brown']"
Snow Birch,26,7,"['Black Gesso', 'Indian Yellow', 'Phthalo Blue', 'Prussian Blue', 'Titanium White']"
Early Autumn,26,8,"['Alizarin Crimson', 'Bright Red', 'Cadmium Yellow', 'Dark Sienna', 'Indian Yellow', 'Midnight Black\\r\\n\\r\\n', 'Phthalo Blue', 'Prussian Blue', 'Sap Green', 'Titanium White', 'Van Dyke Brown', 'Yellow Ochre']"
Tranquil Wooded Stream,26,9,"['Alizarin Crimson', 'Black Gesso', 'Bright Red', 'Cadmium Yellow', 'Dark Sienna', 'Indian Yellow', 'Midnight Black\\r\\n\\r\\n', 'Phthalo Blue', 'Sap Green', 'Titanium White', 'Van Dyke Brown', 'Yellow Ochre']"
Purple Mountain Range,26,10,"['Alizarin Crimson', 'Bright Red', 'Cadmium Yellow', 'Dark Sienna', 'Indian Yellow', 'Midnight Black\\r\\n\\r\\n', 'Phthalo Blue', 'Phthalo Green\\r\\n', 'Prussian Blue', 'Sap Green', 'Titanium White', 'Van Dyke Brown', 'Yellow Ochre']"
Storm's A Comin,26,11,"['Alizarin Crimson', 'Black Gesso', 'Bright Red', 'Cadmium Yellow', 'Dark Sienna', 'Midnight Black\\r\\n\\r\\n', 'Phthalo Blue', 'Phthalo Green\\r\\n', 'Titanium White', 'Van Dyke Brown']"
Sunset Aglow,26,12,"['Alizarin Crimson', 'Bright Red', 'Cadmium Yellow', 'Dark Sienna', 'Indian Yellow', 'Midnight Black\\r\\n\\r\\n', 'Phthalo Blue', 'Prussian Blue', 'Sap Green', 'Titanium White', 'Van Dyke Brown', 'Yellow Ochre']"
Evening at the Falls,26,13,"['Black Gesso', 'Cadmium Yellow', 'Liquid Clear', 'Midnight Black\\r\\n\\r\\n', 'Prussian Blue', 'Sap Green', 'Titanium White']"
Twilight Beauty,27,1,"['Alizarin Crimson', 'Black Gesso', 'Bright Red', 'Cadmium Yellow', 'Dark Sienna', 'Indian Yellow', 'Liquid Clear', 'Midnight Black\\r\\n\\r\\n', 'Phthalo Blue', 'Titanium White', 'Van Dyke Brown']"
Angler's Haven,27,2,"['Alizarin Crimson', 'Bright Red', 'Cadmium Yellow', 'Dark Sienna', 'Indian Yellow', 'Liquid Black', 'Liquid Clear', 'Midnight Black\\r\\n\\r\\n', 'Phthalo Blue', 'Phthalo Green\\r\\n', 'Prussian Blue', 'Sap Green', 'Titanium White', 'Van Dyke Brown', 'Yellow Ochre']"
Rustic Winter Woods,27,3,"['Alizarin Crimson', 'Cadmium Yellow', 'Indian Yellow', 'Midnight Black\\r\\n\\r\\n', 'Sap Green', 'Titanium White']"
Wilderness Falls,27,4,"['Alizarin Crimson', 'Bright Red', 'Cadmium Yellow', 'Dark Sienna', 'Indian Yellow', 'Liquid Black', 'Liquid Clear', 'Midnight Black\\r\\n\\r\\n', 'Phthalo Blue', 'Phthalo Green\\r\\n', 'Prussian Blue', 'Sap Green', 'Titanium White', 'Van Dyke Brown', 'Yellow Ochre']"
Winter at the Farm,27,5,"['Alizarin Crimson', 'Dark Sienna', 'Liquid Clear', 'Midnight Black\\r\\n\\r\\n', 'Prussian Blue', 'Titanium White', 'Van Dyke Brown']"
Daisies at Dawn,27,6,"['Alizarin Crimson', 'Bright Red', 'Cadmium Yellow', 'Indian Yellow', 'Midnight Black\\r\\n\\r\\n', 'Sap Green', 'Titanium White', 'Yellow Ochre']"
A Spectacular View,27,7,"['Alizarin Crimson', 'Bright Red', 'Cadmium Yellow', 'Dark Sienna', 'Indian Yellow', 'Midnight Black\\r\\n\\r\\n', 'Prussian Blue', 'Sap Green', 'Titanium White', 'Van Dyke Brown', 'Yellow Ochre']"
Daybreak,27,8,"['Alizarin Crimson', 'Cadmium Yellow', 'Dark Sienna', 'Midnight Black\\r\\n\\r\\n', 'Prussian Blue', 'Titanium White', 'Van Dyke Brown']"
Island Paradise,27,9,"['Alizarin Crimson', 'Bright Red', 'Cadmium Yellow', 'Dark Sienna', 'Indian Yellow', 'Liquid Clear', 'Midnight Black\\r\\n\\r\\n', 'Phthalo Blue', 'Phthalo Green\\r\\n', 'Titanium White', 'Van Dyke Brown', 'Yellow Ochre']"
Sunlight in the Shadows,27,10,"['Alizarin Crimson', 'Black Gesso', 'Liquid Clear', 'Midnight Black\\r\\n\\r\\n', 'Titanium White', 'Van Dyke Brown', 'Yellow Ochre']"
Splendor of a Snowy Winter,27,11,"['Alizarin Crimson', 'Dark Sienna', 'Liquid Black', 'Liquid Clear', 'Midnight Black\\r\\n\\r\\n', 'Phthalo Blue', 'Prussian Blue', 'Titanium White', 'Van Dyke Brown']"
Forest River,27,12,"['Alizarin Crimson', 'Black Gesso', 'Bright Red', 'Cadmium Yellow', 'Dark Sienna', 'Indian Yellow', 'Liquid Clear', 'Midnight Black\\r\\n\\r\\n', 'Phthalo Blue', 'Prussian Blue', 'Sap Green', 'Titanium White', 'Van Dyke Brown', 'Yellow Ochre']"
Golden Glow of Morning,27,13,"['Alizarin Crimson', 'Bright Red', 'Cadmium Yellow', 'Indian Yellow', 'Midnight Black\\r\\n\\r\\n', 'Phthalo Blue', 'Sap Green', 'Titanium White', 'Yellow Ochre']"
Fisherman's Trail,28,1,"['Alizarin Crimson', 'Bright Red', 'Cadmium Yellow', 'Dark Sienna', 'Indian Yellow', 'Midnight Black\\r\\n\\r\\n', 'Phthalo Blue', 'Prussian Blue', 'Sap Green', 'Titanium White', 'Van Dyke Brown', 'Yellow Ochre']"
A Warm Winter,28,2,"['Alizarin Crimson', 'Bright Red', 'Cadmium Yellow', 'Midnight Black\\r\\n\\r\\n', 'Phthalo Blue', 'Prussian Blue', 'Sap Green', 'Titanium White', 'Yellow Ochre']"
Under Pastel Skies,28,3,"['Alizarin Crimson', 'Bright Red', 'Cadmium Yellow', 'Dark Sienna', 'Indian Yellow', 'Midnight Black\\r\\n\\r\\n', 'Phthalo Blue', 'Prussian Blue', 'Sap Green', 'Titanium White', 'Van Dyke Brown', 'Yellow Ochre']"
Golden Rays of Sunshine,28,4,"['Alizarin Crimson', 'Black Gesso', 'Indian Yellow', 'Liquid Clear', 'Phthalo Blue', 'Prussian Blue', 'Sap Green', 'Titanium White']"
The Magic of Fall,28,5,"['Alizarin Crimson', 'Bright Red', 'Cadmium Yellow', 'Indian Yellow', 'Liquid Clear', 'Midnight Black\\r\\n\\r\\n', 'Phthalo Blue', 'Sap Green', 'Titanium White', 'Yellow Ochre']"
Glacier Lake,28,6,"['Alizarin Crimson', 'Bright Red', 'Cadmium Yellow', 'Dark Sienna', 'Indian Yellow', 'Midnight Black\\r\\n\\r\\n', 'Phthalo Blue', 'Prussian Blue', 'Sap Green', 'Titanium White', 'Van Dyke Brown', 'Yellow Ochre']"
The Old Weathered Barn,28,7,"['Alizarin Crimson', 'Bright Red', 'Cadmium Yellow', 'Indian Yellow', 'Midnight Black\\r\\n\\r\\n', 'Phthalo Blue', 'Sap Green', 'Titanium White', 'Yellow Ochre']"
Deep Forest Falls,28,8,"['Alizarin Crimson', 'Black Gesso', 'Bright Red', 'Cadmium Yellow', 'Dark Sienna', 'Indian Yellow', 'Midnight Black\\r\\n\\r\\n', 'Phthalo Blue', 'Prussian Blue', 'Sap Green', 'Titanium White', 'Van Dyke Brown', 'Yellow Ochre']"
Winter's Grace,28,9,"['Midnight Black\\r\\n\\r\\n', 'Phthalo Blue', 'Prussian Blue', 'Titanium White']"
Splendor of Autumn,28,10,"['Alizarin Crimson', 'Bright Red', 'Cadmium Yellow', 'Dark Sienna', 'Indian Yellow', 'Midnight Black\\r\\n\\r\\n', 'Phthalo Blue', 'Sap Green', 'Titanium White', 'Van Dyke Brown', 'Yellow Ochre']"
Tranquil Seas,28,11,"['Alizarin Crimson', 'Black Gesso', 'Bright Red', 'Cadmium Yellow', 'Indian Yellow', 'Midnight Black\\r\\n\\r\\n', 'Phthalo Blue', 'Phthalo Green\\r\\n', 'Sap Green', 'Titanium White', 'Yellow Ochre']"
Mountain Serenity,28,12,"['Alizarin Crimson', 'Bright Red', 'Cadmium Yellow', 'Dark Sienna', 'Indian Yellow', 'Midnight Black\\r\\n\\r\\n', 'Phthalo Blue', 'Phthalo Green\\r\\n', 'Prussian Blue', 'Sap Green', 'Titanium White', 'Van Dyke Brown', 'Yellow Ochre']"
Home Before Nightfall,28,13,"['Alizarin Crimson', 'Bright Red', 'Cadmium Yellow', 'Midnight Black\\r\\n\\r\\n', 'Phthalo Blue', 'Sap Green', 'Titanium White', 'Yellow Ochre']"
Island in the Wilderness,29,1,"['Alizarin Crimson', 'Bright Red', 'Cadmium Yellow', 'Dark Sienna', 'Indian Yellow', 'Midnight Black\\r\\n\\r\\n', 'Phthalo Blue', 'Phthalo Green\\r\\n', 'Prussian Blue', 'Sap Green', 'Titanium White', 'Van Dyke Brown', 'Yellow Ochre']"
Autumn Oval,29,2,"['Alizarin Crimson', 'Bright Red', 'Cadmium Yellow', 'Dark Sienna', 'Indian Yellow', 'Midnight Black\\r\\n\\r\\n', 'Sap Green', 'Titanium White', 'Van Dyke Brown', 'Yellow Ochre']"
Seasonal Progression,29,3,"['Alizarin Crimson', 'Bright Red', 'Cadmium Yellow', 'Dark Sienna', 'Indian Yellow', 'Midnight Black\\r\\n\\r\\n', 'Phthalo Blue', 'Phthalo Green\\r\\n', 'Prussian Blue', 'Sap Green', 'Titanium White', 'Van Dyke Brown', 'Yellow Ochre']"
Light at the Summit,29,4,"['Alizarin Crimson', 'Black Gesso', 'Bright Red', 'Cadmium Yellow', 'Dark Sienna', 'Indian Yellow', 'Liquid Clear', 'Midnight Black\\r\\n\\r\\n', 'Phthalo Blue', 'Prussian Blue', 'Sap Green', 'Titanium White', 'Van Dyke Brown', 'Yellow Ochre']"
Countryside Barn,29,5,"['Alizarin Crimson', 'Bright Red', 'Cadmium Yellow', 'Dark Sienna', 'Indian Yellow', 'Midnight Black\\r\\n\\r\\n', 'Phthalo Blue', 'Prussian Blue', 'Sap Green', 'Titanium White', 'Van Dyke Brown', 'Yellow Ochre']"
Mountain Lake Falls,29,6,"['Alizarin Crimson', 'Cadmium Yellow', 'Midnight Black\\r\\n\\r\\n', 'Phthalo Blue', 'Phthalo Green\\r\\n', 'Prussian Blue', 'Sap Green', 'Titanium White', 'Van Dyke Brown']"
Cypress Creek,29,7,"['Alizarin Crimson', 'Black Gesso', 'Bright Red', 'Cadmium Yellow', 'Dark Sienna', 'Indian Yellow', 'Midnight Black\\r\\n\\r\\n', 'Sap Green', 'Titanium White', 'Van Dyke Brown', 'Yellow Ochre']"
Trapper's Cabin,29,8,"['Alizarin Crimson', 'Bright Red', 'Cadmium Yellow', 'Dark Sienna', 'Indian Yellow', 'Midnight Black\\r\\n\\r\\n', 'Phthalo Blue', 'Prussian Blue', 'Sap Green', 'Titanium White', 'Van Dyke Brown', 'Yellow Ochre']"
Storm on the Horizon,29,9,"['Alizarin Crimson', 'Bright Red', 'Dark Sienna', 'Midnight Black\\r\\n\\r\\n', 'Phthalo Blue', 'Sap Green', 'Titanium White', 'Van Dyke Brown', 'Yellow Ochre']"
Pot O' Posies,29,10,"['Alizarin Crimson', 'Black Gesso', 'Bright Red', 'Midnight Black\\r\\n\\r\\n', 'Prussian Blue', 'Sap Green']"
A Perfect Winter Day,29,11,"['Alizarin Crimson', 'Dark Sienna', 'Midnight Black\\r\\n\\r\\n', 'Phthalo Blue', 'Prussian Blue', 'Titanium White', 'Van Dyke Brown']"
Aurora's Dance,29,12,"['Alizarin Crimson', 'Dark Sienna', 'Liquid Clear', 'Midnight Black\\r\\n\\r\\n', 'Phthalo Blue', 'Phthalo Green\\r\\n', 'Prussian Blue', 'Titanium White', 'Van Dyke Brown']"
Woodman's Retreat,29,13,"['Alizarin Crimson', 'Bright Red', 'Cadmium Yellow', 'Dark Sienna', 'Indian Yellow', 'Midnight Black\\r\\n\\r\\n', 'Phthalo Blue', 'Prussian Blue', 'Sap Green', 'Titanium White', 'Van Dyke Brown', 'Yellow Ochre']"
Babbling Brook,30,1,"['Alizarin Crimson', 'Black Gesso', 'Bright Red', 'Cadmium Yellow', 'Dark Sienna', 'Indian Yellow', 'Midnight Black\\r\\n\\r\\n', 'Phthalo Blue', 'Sap Green', 'Titanium White', 'Van Dyke Brown', 'Yellow Ochre']"
Woodgrain View,30,2,"['Alizarin Crimson', 'Black Gesso', 'Bright Red', 'Cadmium Yellow', 'Dark Sienna', 'Indian Yellow', 'Liquid Clear', 'Midnight Black\\r\\n\\r\\n', 'Prussian Blue', 'Sap Green', 'Titanium White', 'Van Dyke Brown', 'Yellow Ochre']"
Winter's Peace,30,3,"['Alizarin Crimson', 'Bright Red', 'Dark Sienna', 'Indian Yellow', 'Midnight Black\\r\\n\\r\\n', 'Phthalo Blue', 'Prussian Blue', 'Titanium White', 'Van Dyke Brown', 'Yellow Ochre']"
Wilderness Trail,30,4,"['Alizarin Crimson', 'Black Gesso', 'Bright Red', 'Cadmium Yellow', 'Dark Sienna', 'Indian Yellow', 'Liquid Clear', 'Midnight Black\\r\\n\\r\\n', 'Prussian Blue', 'Sap Green', 'Titanium White', 'Van Dyke Brown', 'Yellow Ochre']"
A Copper Winter,30,5,"['Alizarin Crimson', 'Bright Red', 'Cadmium Yellow', 'Dark Sienna', 'Indian Yellow', 'Liquid Clear', 'Midnight Black\\r\\n\\r\\n', 'Phthalo Blue', 'Prussian Blue', 'Sap Green', 'Titanium White', 'Van Dyke Brown', 'Yellow Ochre']"
Misty Foothills,30,6,"['Alizarin Crimson', 'Cadmium Yellow', 'Dark Sienna', 'Indian Yellow', 'Midnight Black\\r\\n\\r\\n', 'Prussian Blue', 'Sap Green', 'Titanium White', 'Van Dyke Brown', 'Yellow Ochre']"
Through the Window,30,7,"['Alizarin Crimson', 'Dark Sienna', 'Midnight Black\\r\\n\\r\\n', 'Phthalo Blue', 'Prussian Blue', 'Titanium White', 'Van Dyke Brown']"
Home in the Valley,30,8,"['Alizarin Crimson', 'Bright Red', 'Cadmium Yellow', 'Dark Sienna', 'Indian Yellow', 'Midnight Black\\r\\n\\r\\n', 'Phthalo Blue', 'Phthalo Green\\r\\n', 'Prussian Blue', 'Sap Green', 'Titanium White', 'Van Dyke Brown', 'Yellow Ochre']"
Mountains of Grace,30,9,"['Alizarin Crimson', 'Bright Red', 'Cadmium Yellow', 'Dark Sienna', 'Midnight Black\\r\\n\\r\\n', 'Phthalo Blue', 'Prussian Blue', 'Sap Green', 'Titanium White', 'Van Dyke Brown', 'Yellow Ochre']"
Seaside Harmony,30,10,"['Alizarin Crimson', 'Black Gesso', 'Cadmium Yellow', 'Dark Sienna', 'Indian Yellow', 'Liquid Clear', 'Midnight Black\\r\\n\\r\\n', 'Phthalo Blue', 'Prussian Blue', 'Sap Green', 'Titanium White', 'Van Dyke Brown']"
A Cold Spring Day,30,11,"['Alizarin Crimson', 'Bright Red', 'Cadmium Yellow', 'Dark Sienna', 'Indian Yellow', 'Midnight Black\\r\\n\\r\\n', 'Phthalo Blue', 'Phthalo Green\\r\\n', 'Prussian Blue', 'Sap Green', 'Titanium White', 'Van Dyke Brown', 'Yellow Ochre']"
Evening's Glow,30,12,"['Alizarin Crimson', 'Bright Red', 'Cadmium Yellow', 'Dark Sienna', 'Indian Yellow', 'Midnight Black\\r\\n\\r\\n', 'Sap Green', 'Titanium White', 'Van Dyke Brown', 'Yellow Ochre']"
Blue Ridge Falls,30,13,"['Alizarin Crimson', 'Black Gesso', 'Cadmium Yellow', 'Dark Sienna', 'Indian Yellow', 'Midnight Black\\r\\n\\r\\n', 'Phthalo Blue', 'Prussian Blue', 'Sap Green', 'Titanium White', 'Van Dyke Brown', 'Yellow Ochre']"
Reflections of Calm,31,1,"['Alizarin Crimson', 'Bright Red', 'Cadmium Yellow', 'Dark Sienna', 'Indian Yellow', 'Midnight Black\\r\\n\\r\\n', 'Phthalo Blue', 'Prussian Blue', 'Sap Green', 'Titanium White', 'Van Dyke Brown', 'Yellow Ochre']"
Before the Snowfall,31,2,"['Alizarin Crimson', 'Dark Sienna', 'Midnight Black\\r\\n\\r\\n', 'Phthalo Blue', 'Prussian Blue', 'Titanium White', 'Van Dyke Brown']"
Winding Stream,31,3,"['Alizarin Crimson', 'Bright Red', 'Cadmium Yellow', 'Dark Sienna', 'Indian Yellow', 'Liquid Black', 'Midnight Black\\r\\n\\r\\n', 'Phthalo Blue', 'Prussian Blue', 'Sap Green', 'Titanium White', 'Van Dyke Brown', 'Yellow Ochre']"
Tranquility Cove,31,4,"['Alizarin Crimson', 'Bright Red', 'Cadmium Yellow', 'Dark Sienna', 'Indian Yellow', 'Midnight Black\\r\\n\\r\\n', 'Phthalo Blue', 'Sap Green', 'Titanium White', 'Van Dyke Brown', 'Yellow Ochre']"
Cabin in the Hollow,31,5,"['Alizarin Crimson', 'Dark Sienna', 'Midnight Black\\r\\n\\r\\n', 'Phthalo Blue', 'Prussian Blue', 'Titanium White', 'Van Dyke Brown']"
View from Clear Creek,31,6,"['Alizarin Crimson', 'Bright Red', 'Cadmium Yellow', 'Dark Sienna', 'Indian Yellow', 'Midnight Black\\r\\n\\r\\n', 'Phthalo Blue', 'Phthalo Green\\r\\n', 'Prussian Blue', 'Sap Green', 'Titanium White', 'Van Dyke Brown', 'Yellow Ochre']"
Bridge to Autumn,31,7,"['Alizarin Crimson', 'Bright Red', 'Cadmium Yellow', 'Dark Sienna', 'Indian Yellow', 'Midnight Black\\r\\n\\r\\n', 'Prussian Blue', 'Sap Green', 'Titanium White', 'Van Dyke Brown', 'Yellow Ochre']"
Trail's End,31,8,"['Alizarin Crimson', 'Black Gesso', 'Dark Sienna', 'Liquid Clear', 'Midnight Black\\r\\n\\r\\n', 'Phthalo Blue', 'Sap Green', 'Titanium White', 'Van Dyke Brown', 'Yellow Ochre']"
Evergreen Valley,31,9,"['Alizarin Crimson', 'Bright Red', 'Cadmium Yellow', 'Dark Sienna', 'Indian Yellow', 'Liquid Black', 'Midnight Black\\r\\n\\r\\n', 'Phthalo Blue', 'Phthalo Green\\r\\n', 'Prussian Blue', 'Sap Green', 'Titanium White', 'Van Dyke Brown', 'Yellow Ochre']"
Balmy Beach,31,10,"['Alizarin Crimson', 'Black Gesso', 'Bright Red', 'Cadmium Yellow', 'Dark Sienna', 'Indian Yellow', 'Liquid Clear', 'Midnight Black\\r\\n\\r\\n', 'Phthalo Blue', 'Phthalo Green\\r\\n', 'Titanium White', 'Van Dyke Brown', 'Yellow Ochre']"
Lake at the Ridge,31,11,"['Alizarin Crimson', 'Bright Red', 'Cadmium Yellow', 'Dark Sienna', 'Indian Yellow', 'Midnight Black\\r\\n\\r\\n', 'Phthalo Blue', 'Prussian Blue', 'Sap Green', 'Titanium White', 'Van Dyke Brown', 'Yellow Ochre']"
In the Midst of Winter,31,12,"['Alizarin Crimson', 'Dark Sienna', 'Midnight Black\\r\\n\\r\\n', 'Phthalo Blue', 'Prussian Blue', 'Titanium White', 'Van Dyke Brown']"
Wilderness Day,31,13,"['Alizarin Crimson', 'Black Gesso', 'Bright Red', 'Cadmium Yellow', 'Dark Sienna', 'Indian Yellow', 'Midnight Black\\r\\n\\r\\n', 'Phthalo Blue', 'Sap Green', 'Titanium White', 'Van Dyke Brown', 'Yellow Ochre']"
